latitude,longitude,year,temperature_2m_max,temperature_2m_min,precipitation_sum,rain_sum,snowfall_sum,precipitation_hours,sun hours,windspeed_10m_max,windgusts_10m_max,winddirection_10m_dominant,shortwave_radiation_sum,et0_fao_evapotranspiration
2017,31.67,65.795,28.52280219780221,13.934340659340661,170.0,165.10000000000002,3.9899999999999998,286.0,0 days 12:13:23.736263736,14.671153846153842,28.50741758241758,193.49175824175825,7925.849999999999,2077.55
2017,31.623,65.792,28.940384615384595,14.089285714285722,153.09999999999997,149.29999999999995,3.2899999999999996,248.0,0 days 12:13:22.417582417,14.989835164835183,28.17225274725276,208.1456043956044,7927.64,2096.2200000000003
2017,27.908,-0.317,33.41648351648348,19.535164835164842,9.5,9.5,0.0,16.0,0 days 12:12:33.461538461,24.167307692307677,38.230219780219755,103.57417582417582,8215.0,3120.3100000000004
2017,35.88,5.475,21.60576923076923,10.721703296703298,267.5,235.5,22.889999999999997,620.0,0 days 12:14:24.065934065,14.61208791208791,36.69478021978022,191.60164835164835,6807.889999999999,1393.39
2017,34.532,0.804,23.78241758241757,10.596978021978028,154.7,123.30000000000001,22.680000000000003,358.0,0 days 12:14:01.153846153,19.524725274725277,34.594230769230805,204.5412087912088,7287.63,1758.4899999999998
2017,34.346,3.164,23.83956043956043,12.259890109890115,109.0,104.4,3.2199999999999998,241.0,0 days 12:13:59.505494505,20.152472527472536,37.022527472527486,215.82692307692307,7424.33,1847.8600000000001
2017,34.342,3.169,23.889285714285716,12.311813186813186,109.0,104.4,3.2199999999999998,241.0,0 days 12:13:59.340659340,20.152472527472536,37.022527472527486,215.82692307692307,7424.33,1849.27
2017,34.861,4.204,23.764835164835183,12.392032967032973,124.20000000000002,121.20000000000002,2.24,293.0,0 days 12:14:09.725274725,17.570054945054938,37.58901098901098,225.62087912087912,7288.53,1717.07
2017,27.908,-0.317,33.41648351648348,19.535164835164842,9.5,9.5,0.0,16.0,0 days 12:12:33.461538461,24.167307692307677,38.230219780219755,103.57417582417582,8215.0,3120.3100000000004
2017,26.9989,1.3351,33.73763736263735,20.609890109890117,26.900000000000002,26.900000000000002,0.0,52.0,0 days 12:12:24.890109890,26.357142857142893,41.62445054945055,108.01373626373626,8188.51,3268.02
2017,31.285,8.565,29.219230769230776,16.746153846153856,52.900000000000006,52.900000000000006,0.0,84.0,0 days 12:13:16.648351648,22.45989010989011,35.133791208791244,133.5631868131868,7716.68,2424.74
2017,36.225,6.11,22.079395604395593,10.453021978021972,349.29999999999995,329.2,14.21,787.0,0 days 12:14:30.494505494,13.792307692307702,35.65494505494507,201.0686813186813,6668.68,1355.7200000000003
2017,33.727,2.811,25.79230769230769,13.33324175824177,68.0,64.7,2.52,163.0,0 days 12:13:51.098901098,21.33104395604394,36.16923076923075,197.48626373626374,7555.039999999999,2023.6099999999997
2017,32.602,5.834,29.466758241758246,16.885989010988993,58.2,58.2,0.0,110.0,0 days 12:13:35.604395604,21.808791208791217,34.403846153846146,146.86813186813185,7690.240000000001,2409.88
2017,33.123,3.356,26.055769230769215,13.72362637362638,61.7,61.7,0.21,130.0,0 days 12:13:41.373626373,23.570054945054935,37.76840659340662,164.0521978021978,7708.35,2231.49
2017,34.342,3.169,23.889285714285716,12.311813186813186,109.0,104.4,3.2199999999999998,241.0,0 days 12:13:59.340659340,20.152472527472536,37.022527472527486,215.82692307692307,7424.33,1849.27
2017,35.68,5.9861,22.095879120879125,10.32664835164835,270.0,248.8,15.26,632.0,0 days 12:14:23.736263736,14.036263736263729,37.62912087912091,178.55769230769232,6806.09,1430.31
2017,27.183,2.504,33.436813186813175,20.140384615384615,26.1,26.1,0.0,60.0,0 days 12:12:24.725274725,26.511538461538464,41.92912087912091,97.73901098901099,8188.69,3231.4700000000003
2017,32.945,0.555,25.897527472527464,13.135714285714297,41.1,35.900000000000006,3.64,113.0,0 days 12:13:40.714285714,19.144780219780216,35.88104395604394,193.20054945054946,7833.4,2029.04
2017,33.274,-0.372,23.704120879120893,10.79313186813187,93.10000000000001,64.7,20.02,222.0,0 days 12:13:45,20.210989010989017,35.56483516483519,195.79945054945054,7701.26,1886.96
2017,35.919,7.87,22.384615384615373,10.912637362637357,418.0,411.20000000000005,5.32,946.0,0 days 12:14:27.032967032,14.306868131868129,37.94752747252748,219.33516483516485,6569.95,1345.14
2017,35.68,5.9861,22.095879120879125,10.32664835164835,270.0,248.8,15.26,632.0,0 days 12:14:23.736263736,14.036263736263729,37.62912087912091,178.55769230769232,6806.09,1430.31
2017,36.01,5.035,21.290934065934056,10.359065934065935,282.29999999999995,246.89999999999998,26.32,611.0,0 days 12:14:26.703296703,13.552747252747254,37.01868131868129,175.84065934065933,6849.16,1382.1599999999999
2017,26.768,0.137,34.31483516483517,20.82554945054946,21.700000000000003,21.700000000000003,0.0,57.0,0 days 12:12:19.615384615,24.146428571428583,38.71813186813186,118.12362637362638,8189.7,3195.95
2017,22.849,5.45,28.891208791208797,17.032692307692315,17.799999999999997,17.799999999999997,0.0,57.0,0 days 12:11:36.923076923,21.943406593406575,38.77802197802197,145.8846153846154,8401.439999999999,2637.25
2017,29.22,0.223,32.00412087912086,17.839835164835147,23.1,23.1,0.0,38.0,0 days 12:12:50.109890109,23.696703296703312,38.00879120879124,103.0521978021978,8151.93,2905.9
2017,27.752,-8.154,31.62747252747249,17.354945054945066,7.000000000000001,7.000000000000001,0.0,16.0,0 days 12:12:33.131868131,23.656868131868126,37.85329670329671,194.20054945054946,8358.49,2732.03
2017,34.692,-0.601,21.68269230769232,8.62609890109889,288.0,223.9,44.94,587.0,0 days 12:14:07.087912087,16.692032967032965,36.30576923076922,201.12362637362637,7228.06,1544.51
2017,27.241,-0.174,34.071703296703326,19.896153846153844,15.500000000000004,15.500000000000004,0.0,45.0,0 days 12:12:25.054945054,23.227197802197814,37.18956043956044,112.54945054945055,8179.07,3106.39
2017,-31.9881,-68.5402,17.875000000000004,7.496978021978029,1209.7,1141.0,48.37,1849.0,0 days 12:08:37.747252747,10.552747252747245,33.00412087912086,177.55769230769232,7643.84,1314.76
2017,-26.04,-65.93,24.394780219780213,11.823626373626384,671.8000000000001,670.4000000000001,1.26,1477.0,0 days 12:08:26.373626373,10.956318681318692,39.19505494505496,108.50549450549451,7089.04,1403.9
2017,-33.61,-65.445,22.072802197802176,10.70357142857143,798.0,796.9000000000001,0.77,884.0,0 days 12:08:38.406593406,21.030494505494488,38.390384615384605,121.76648351648352,6833.49,1430.61
2017,-23.8,-66.8,10.998626373626372,-7.329945054945046,209.10000000000002,152.0,42.49,416.0,0 days 12:08:24.890109890,24.95521978021979,55.863461538461515,255.17032967032966,9552.119999999999,1557.87
2017,-30.34,-69.27,6.978571428571427,-3.598351648351647,2082.1,1594.1999999999998,346.43,2340.0,0 days 12:08:32.307692307,13.707142857142856,38.52005494505494,210.93406593406593,9012.5,1251.14
2017,-31.3891,-68.6752,24.301098901098896,10.295054945054938,181.1,178.3,2.17,437.0,0 days 12:08:33.626373626,16.764560439560448,40.461813186813174,169.47527472527472,7751.129999999999,1661.1999999999998
2017,-28.165,-66.225,28.12747252747252,14.96923076923077,181.8,181.8,0.0,352.0,0 days 12:08:29.835164835,18.089560439560437,36.59175824175823,181.6620879120879,7498.699999999999,1767.4499999999998
2017,-34.9453,138.5882,18.305769230769215,8.731318681318678,434.7,434.7,0.0,910.0,0 days 12:08:43.846153846,18.96675824175825,41.785164835164835,189.10164835164835,6386.379999999999,1206.25
2017,-34.6899,142.7452,23.93736263736264,10.733791208791207,313.0,313.0,0.0,377.0,0 days 12:08:43.186813186,19.056318681318686,37.33434065934066,181.23076923076923,6762.39,1619.02
2017,-23.549,145.318,31.67060439560441,17.564010989010992,173.0,173.0,0.0,217.0,0 days 12:08:23.241758241,20.222252747252742,38.15549450549448,104.41758241758242,7964.129999999999,2307.9700000000003
2017,-23.5388,145.2732,31.67060439560441,17.564010989010992,173.0,173.0,0.0,217.0,0 days 12:08:24.725274725,20.222252747252742,38.15549450549448,104.41758241758242,7964.129999999999,2309.42
2017,-32.353,149.468,23.38021978021979,10.493681318681315,401.29999999999995,401.29999999999995,0.0,518.0,0 days 12:08:35.274725274,17.532417582417583,39.007967032967045,178.1346153846154,6827.049999999999,1457.48
2017,-27.404,153.11,26.49093406593406,16.317857142857143,882.8,882.8,0.0,1146.0,0 days 12:08:26.043956043,15.239560439560437,35.072252747252726,145.8901098901099,6525.860000000001,1382.0900000000001
2017,-31.9867,141.3915,26.116208791208795,12.519230769230758,132.2,132.2,0.0,195.0,0 days 12:08:35.274725274,23.151923076923076,39.0574175824176,175.66758241758242,7314.910000000002,2088.35
2017,-32.427,137.838,25.309340659340656,12.216483516483523,228.2,228.2,0.0,384.0,0 days 12:08:37.252747252,19.36318681318682,39.635714285714236,195.29945054945054,6731.34,1637.71
2017,-32.408,137.841,25.309340659340656,12.216483516483523,228.2,228.2,0.0,384.0,0 days 12:08:36.593406593,19.36318681318682,39.635714285714236,195.29945054945054,6731.34,1637.71
2017,-32.8835,151.7275,,,0.0,0.0,0.0,0.0,0 days 12:08:37.252747252,,,,0.0,0.0
2017,-25.28,152.38,27.173351648351673,17.913186813186808,1033.4,1033.4,0.0,1082.0,0 days 12:08:24.725274725,15.174999999999999,37.59697802197802,149.00274725274724,6792.27,1476.4
2017,-19.8398,147.2105,29.439835164835134,19.650274725274734,670.4,670.4,0.0,904.0,0 days 12:08:24.230769230,15.278296703296705,35.034890109890135,101.40934065934066,7160.39,1603.84
2017,-22.8446,147.5855,29.50027472527472,15.689285714285708,519.7,519.7,0.0,526.0,0 days 12:08:24.890109890,16.145879120879126,36.91071428571427,119.24450549450549,7585.63,1847.7799999999997
2017,-20.5411,147.8074,30.665109890109886,19.058516483516488,655.2,655.2,0.0,664.0,0 days 12:08:23.241758241,15.852747252747257,34.553296703296695,93.51373626373626,7144.490000000001,1675.24
2017,-27.1169,150.8942,27.662912087912055,14.029945054945049,537.0,537.0,0.0,617.0,0 days 12:08:23.406593406,17.434065934065927,36.753296703296705,137.51923076923077,7176.46,1707.37
2017,-12.4157,130.8908,33.20494505494508,22.595054945054947,1912.3999999999999,1912.3999999999999,0.0,1598.0,0 days 12:08:31.318681318,13.971428571428563,33.89423076923077,153.99175824175825,7586.34,1791.91
2017,-20.4947,147.7707,30.665109890109886,19.058516483516488,655.2,655.2,0.0,664.0,0 days 12:08:23.736263736,15.852747252747257,34.553296703296695,93.51373626373626,7144.490000000001,1675.24
2017,-25.55,119.317,29.403021978021975,16.66483516483518,168.3,168.3,0.0,281.0,0 days 12:08:24.560439560,26.291208791208756,44.12527472527471,138.2335164835165,7821.960000000001,2506.66
2017,-32.273,148.658,24.75961538461534,11.543956043956046,399.4,399.4,0.0,440.0,0 days 12:08:35.109890109,17.300274725274726,37.68653846153842,173.65384615384616,7003.82,1596.2700000000002
2017,-23.5084,148.1347,29.62829670329672,16.203571428571426,574.6000000000001,574.6000000000001,0.0,485.0,0 days 12:08:24.725274725,15.765934065934069,33.20027472527473,103.36263736263736,7512.07,1825.83
2017,-30.489,115.416,25.759890109890137,13.538736263736258,371.6,371.6,0.0,558.0,0 days 12:08:31.483516483,20.69532967032967,41.81620879120877,173.96428571428572,7183.219999999999,1692.7099999999996
2017,-35.6762,143.4553,23.402197802197797,10.478296703296703,415.69999999999993,415.69999999999993,0.0,541.0,0 days 12:08:43.351648351,19.67060439560441,37.92335164835168,184.67582417582418,6542.96,1531.88
2017,-28.325,150.375,27.565384615384623,13.906593406593402,477.6,477.6,0.0,488.0,0 days 12:08:25.714285714,18.265934065934076,35.12664835164836,139.71428571428572,7333.9800000000005,1786.17
2017,-28.9043,115.1119,27.03763736263736,14.103021978021967,265.5,265.5,0.0,400.0,0 days 12:08:27.692307692,21.242032967032962,41.433791208791206,169.70604395604394,7549.849999999999,1889.53
2017,-34.3155,146.1094,24.248351648351658,10.446428571428568,347.1,347.1,0.0,444.0,0 days 12:08:41.373626373,17.8151098901099,38.37967032967035,173.82142857142858,6872.790000000001,1620.16
2017,-34.61,149.476,19.448351648351647,8.249725274725279,492.09999999999997,492.09999999999997,0.0,789.0,0 days 12:08:42.032967032,19.95851648351647,41.79945054945051,212.2912087912088,6413.93,1220.12
2017,-20.5048,147.7671,30.665109890109886,19.058516483516488,655.2,655.2,0.0,664.0,0 days 12:08:23.901098901,15.852747252747257,34.553296703296695,93.51373626373626,7144.490000000001,1675.24
2017,-19.733,147.0483,30.128021978021938,19.241483516483495,568.8,568.8,0.0,795.0,0 days 12:08:24.560439560,14.213736263736264,33.88736263736265,96.65384615384616,7101.23,1602.84
2017,-20.4877,147.7449,30.665109890109886,19.058516483516488,655.2,655.2,0.0,664.0,0 days 12:08:23.901098901,15.852747252747257,34.553296703296695,93.51373626373626,7144.490000000001,1675.24
2017,-20.875,144.17,29.77802197802198,16.443131868131882,345.79999999999995,345.79999999999995,0.0,353.0,0 days 12:08:22.417582417,18.52802197802198,39.31456043956043,96.49725274725274,8084.03,2092.5699999999997
2017,-34.4154,142.2521,24.454945054945057,11.327472527472532,262.4,262.4,0.0,361.0,0 days 12:08:39.395604395,19.8771978021978,37.88681318681319,183.02472527472528,6795.17,1696.05
2017,-18.89,144.14,31.658516483516497,19.205494505494517,558.5,558.5,0.0,539.0,0 days 12:08:24.560439560,17.100824175824172,37.77774725274726,118.65384615384616,7783.089999999999,1942.4
2017,-33.311,146.4092,25.134065934065937,10.89642857142857,301.3,301.3,0.0,403.0,0 days 12:08:35.934065934,18.912912087912083,37.46758241758248,166.77197802197801,7026.85,1736.1399999999999
2017,-15.869,144.862,32.62060439560437,22.844230769230773,912.3999999999999,912.3999999999999,0.0,974.0,0 days 12:08:28.021978021,17.846978021978014,41.79423076923076,112.25824175824175,7165.57,1839.07
2017,-32.3761,150.9797,20.246428571428577,9.432417582417584,716.8000000000001,716.8000000000001,0.0,1224.0,0 days 12:08:33.956043956,14.851373626373638,40.251923076923084,193.1813186813187,6253.72,1199.02
2017,-23.0875,148.439,29.678571428571434,16.11703296703297,616.4,616.4,0.0,607.0,0 days 12:08:23.571428571,15.990659340659347,34.89010989010989,98.0989010989011,7374.8,1789.46
2017,-33.1733,148.718,23.07967032967033,10.293956043956053,468.4,468.4,0.0,589.0,0 days 12:08:37.582417582,18.057967032967028,38.84258241758239,164.12087912087912,6843.120000000001,1497.5900000000001
2017,-29.5722,149.8669,27.19120879120881,14.105494505494502,459.80000000000007,459.80000000000007,0.0,501.0,0 days 12:08:29.505494505,18.67225274725275,35.94862637362637,130.5467032967033,7298.469999999999,1778.2299999999998
2017,-35.3989,149.146,19.746428571428563,8.234340659340656,472.4,472.4,0.0,728.0,0 days 12:08:44.010989010,16.76978021978023,38.67719780219779,214.11813186813185,6327.93,1162.39
2017,-32.224,148.256,25.390109890109866,11.942032967032961,376.1,376.1,0.0,419.0,0 days 12:08:35.274725274,18.72527472527473,37.620879120879124,164.37362637362637,7070.39,1688.45
2017,-17.681,141.05,32.91071428571429,22.296978021978024,859.6,859.6,0.0,944.0,0 days 12:08:23.406593406,17.19945054945055,34.27307692307689,189.48626373626374,7840.36,2054.77
2017,-31.652,116.711,23.616208791208784,11.358241758241755,425.0,425.0,0.0,589.0,0 days 12:08:31.318681318,19.701648351648355,39.187912087912046,175.17857142857142,6943.44,1542.97
2017,-36.1592,145.4746,21.96950549450547,10.21208791208791,557.1999999999999,557.1999999999999,0.0,715.0,0 days 12:08:45.659340659,16.929945054945065,36.09807692307692,173.8434065934066,6370.84,1357.7
2017,-31.5527,147.0854,27.0107142857143,12.985714285714291,250.0,250.0,0.0,335.0,0 days 12:08:32.967032967,17.24615384615385,35.60494505494504,157.29945054945054,7266.079999999999,1838.5500000000002
2017,-27.406,151.647,25.64807692307691,13.117307692307689,531.8,531.8,0.0,639.0,0 days 12:08:25.219780219,18.409615384615392,37.981868131868126,149.52747252747253,6964.469999999999,1568.2400000000002
2017,-27.412,151.655,25.64807692307691,13.117307692307689,531.8,531.8,0.0,639.0,0 days 12:08:26.208791208,18.409615384615392,37.981868131868126,149.52747252747253,6964.469999999999,1569.06
2017,-33.1027,148.075,24.482417582417597,11.342307692307688,360.40000000000003,360.40000000000003,0.0,465.0,0 days 12:08:38.406593406,19.035164835164842,37.8942307692308,155.34065934065933,6970.12,1641.8600000000001
2017,-31.9767,115.8548,22.33626373626374,12.291208791208788,713.4,713.4,0.0,918.0,0 days 12:08:32.967032967,20.566483516483515,41.65906593406594,174.1620879120879,6933.540000000001,1456.6
2017,-32.945,138.905,22.84780219780219,10.6228021978022,179.3,179.3,0.0,371.0,0 days 12:08:34.945054945,19.82445054945055,40.04642857142855,191.99725274725276,6940.509999999999,1598.9499999999998
2017,-19.03,146.394,28.99395604395605,21.213736263736266,602.3000000000001,602.3000000000001,0.0,1083.0,0 days 12:08:25.054945054,15.353296703296714,36.60384615384618,109.50274725274726,6987.34,1578.61
2017,-19.424,146.715,28.99395604395605,21.213736263736266,602.3000000000001,602.3000000000001,0.0,1083.0,0 days 12:08:24.065934065,15.353296703296714,36.60384615384618,109.50274725274726,6987.34,1578.61
2017,-35.4897,149.1435,19.64642857142857,8.134340659340657,472.4,472.4,0.0,728.0,0 days 12:08:45.659340659,16.76978021978023,38.67719780219779,214.11813186813185,6327.93,1159.35
2017,-22.1405,147.9188,30.083241758241773,16.366758241758234,606.3,606.3,0.0,593.0,0 days 12:08:23.736263736,17.303296703296706,37.674450549450576,109.58516483516483,7397.04,1815.7900000000002
2017,-32.891,151.65,,,0.0,0.0,0.0,0.0,0 days 12:08:35.769230769,,,,0.0,0.0
2017,-19.3355,146.8885,28.057417582417592,21.071153846153845,850.8000000000001,850.8000000000001,0.0,1147.0,0 days 12:08:24.395604395,16.294505494505497,36.59862637362638,111.75274725274726,7188.880000000001,1565.17
2017,-34.804,143.491,24.078846153846158,10.793956043956038,308.1,308.1,0.0,335.0,0 days 12:08:41.868131868,18.610164835164856,36.61840659340656,180.96428571428572,6781.42,1605.94
2017,-25.32,152.405,27.173351648351673,17.913186813186808,1033.4,1033.4,0.0,1082.0,0 days 12:08:24.890109890,15.174999999999999,37.59697802197802,149.00274725274724,6792.27,1476.4
2017,-35.342,143.518,23.890659340659358,10.693131868131875,394.2,394.2,0.0,448.0,0 days 12:08:44.175824175,19.39478021978022,37.67225274725274,183.28846153846155,6666.9400000000005,1592.1799999999998
2017,-35.2708,139.4924,21.978571428571428,10.96346153846155,290.6,290.6,0.0,534.0,0 days 12:08:43.186813186,20.152197802197804,39.07967032967029,178.2664835164835,6238.25,1342.51
2017,-27.495,153.0101,26.290934065934056,16.117857142857144,882.8,882.8,0.0,1146.0,0 days 12:08:26.373626373,15.239560439560437,35.072252747252726,145.8901098901099,6525.860000000001,1375.9299999999998
2017,-23.7685,133.8682,30.11923076923079,15.033791208791191,166.8,166.8,0.0,242.0,0 days 12:08:26.373626373,21.17857142857142,39.27362637362639,141.33516483516485,8084.16,2410.86
2017,-26.56,153.025,25.673901098901112,17.23076923076923,1018.4,1018.4,0.0,1400.0,0 days 12:08:23.901098901,15.252197802197795,36.55109890109889,167.3489010989011,6512.18,1343.38
2017,-34.8027,142.5457,24.082142857142863,10.940659340659344,302.6,302.6,0.0,374.0,0 days 12:08:43.681318681,19.518131868131867,37.04450549450549,180.03021978021977,6744.7699999999995,1635.25
2017,-29.765,151.553,24.657967032967047,10.982142857142865,639.4000000000001,639.4000000000001,0.0,694.0,0 days 12:08:27.692307692,15.24450549450549,34.20906593406594,139.1098901098901,7162.91,1488.9099999999999
2017,-20.4949,147.7481,30.665109890109886,19.058516483516488,655.2,655.2,0.0,664.0,0 days 12:08:24.065934065,15.852747252747257,34.553296703296695,93.51373626373626,7144.490000000001,1675.24
2017,-33.007,137.558,24.717032967032956,12.683516483516494,250.40000000000003,250.40000000000003,0.0,424.0,0 days 12:08:36.428571428,21.307142857142864,40.77719780219781,196.1153846153846,6713.75,1646.62
2017,-35.571,149.128,19.395329670329666,7.88379120879121,472.4,472.4,0.0,728.0,0 days 12:08:44.505494505,16.76978021978023,38.67719780219779,214.11813186813185,6327.93,1152.1599999999999
2017,-31.5234,138.6198,24.849725274725287,12.296978021978026,163.6,163.6,0.0,258.0,0 days 12:08:34.285714285,19.89697802197803,42.24642857142855,173.73626373626374,7285.03,1887.8600000000001
2017,-34.407,142.179,24.503846153846148,11.381318681318687,262.4,262.4,0.0,361.0,0 days 12:08:41.703296703,19.8771978021978,37.88681318681319,183.02472527472528,6795.17,1697.7499999999998
2017,26.1,50.58,,,0.0,0.0,0.0,0.0,0 days 12:12:14.835164835,,,,0.0,0.0
2017,26.585,84.145,32.13736263736265,21.140384615384612,1327.0,1327.0,0.0,1406.0,0 days 12:12:18.131868131,14.726373626373622,29.929395604395623,166.12087912087912,6509.360000000001,1556.42
2017,20.982,92.256,29.372252747252773,23.665934065934064,3281.2,3281.2,0.0,2921.0,0 days 12:11:22.252747252,16.622527472527462,31.184065934065913,233.9478021978022,6283.539999999999,1324.46
2017,53.64,31.55,10.802472527472528,3.157417582417585,736.8,606.8999999999999,101.42999999999999,1435.0,0 days 12:22:35.769230769,19.937912087912085,37.7425824175824,203.17582417582418,3784.17,659.5
2017,53.625,31.6,10.802472527472528,3.157417582417585,736.8,606.8999999999999,101.42999999999999,1435.0,0 days 12:22:36.263736263,19.937912087912085,37.7425824175824,203.17582417582418,3784.17,659.9000000000001
2017,51.784,30.2559,12.583516483516483,4.681593406593407,639.2,516.2,93.1,1426.0,0 days 12:21:15.989010989,19.565109890109877,37.446978021978026,205.11263736263737,4061.4900000000002,782.5700000000002
2017,51.797,30.209,12.483516483516485,4.581593406593411,639.2,516.2,93.1,1426.0,0 days 12:21:17.472527472,19.565109890109877,37.446978021978026,205.11263736263737,4061.4900000000002,780.6800000000001
2017,52.92,30.85,11.548076923076929,3.7368131868131913,710.0999999999999,584.8,97.16,1434.0,0 days 12:22:03.131868131,20.23214285714285,38.20357142857143,200.71978021978023,3901.28,714.01
2017,51.77,29.155,12.593131868131863,4.561538461538464,685.0,563.5,92.25999999999999,1439.0,0 days 12:21:14.505494505,19.866208791208777,38.18406593406593,210.67582417582418,4004.37,776.8699999999999
2017,54.41,26.48,10.648626373626373,3.521428571428574,804.0999999999999,701.8,78.4,1546.0,0 days 12:23:13.516483516,19.43598901098903,37.4434065934066,207.34615384615384,3572.13,603.64
2017,51.203,5.265,14.75631868131868,7.591483516483513,780.8,745.1,25.34,1547.0,0 days 12:20:53.076923076,17.687912087912096,38.05054945054944,206.76923076923077,3864.7200000000003,718.8100000000001
2017,51.273,4.288,14.643681318681312,8.20631868131868,693.0,661.4000000000001,22.820000000000004,1293.0,0 days 12:20:56.373626373,19.32307692307692,38.062362637362625,206.4532967032967,3937.72,706.1599999999999
2017,51.2709,4.3812,14.81565934065935,8.007692307692308,709.0,677.2,22.679999999999996,1355.0,0 days 12:20:55.549450549,18.8543956043956,38.47664835164836,207.32967032967034,3913.3199999999997,718.1600000000001
2017,-11.025,-68.815,31.033241758241733,21.804395604395616,1980.3000000000002,1980.3000000000002,0.0,2230.0,0 days 12:08:35.934065934,10.0467032967033,29.43131868131872,257.2032967032967,6373.08,1350.19
2017,-20.75,-67.65,18.49945054945055,1.1076923076923078,246.5,244.6,1.47,527.0,0 days 12:08:26.373626373,16.073626373626368,42.950549450549474,238.18406593406593,9521.619999999999,1826.07
2017,-21.83,-65.23,16.156868131868126,3.9236263736263677,720.3999999999999,709.7,7.77,1480.0,0 days 12:08:24.395604395,13.77774725274725,41.868681318681304,150.5631868131868,8098.5199999999995,1416.96
2017,-5.06,-37.755,33.090659340659315,23.449175824175825,805.0,805.0,0.0,931.0,0 days 12:08:50.769230769,20.653296703296697,39.8826923076923,99.00549450549451,7612.52,1952.03
2017,-5.555,-37.015,34.83104395604395,24.199450549450546,486.9,486.9,0.0,529.0,0 days 12:08:50.934065934,21.546703296703292,40.19505494505498,105.48901098901099,7377.26,2112.9900000000002
2017,-12.597,-44.107,33.31016483516483,22.17170329670329,509.40000000000003,509.40000000000003,0.0,573.0,0 days 12:08:33.296703296,11.60659340659339,28.534615384615375,127.58791208791209,7821.25,1927.29
2017,-19.8656,-43.9711,25.817307692307693,15.546978021978031,663.3,663.3,0.0,1023.0,0 days 12:08:25.054945054,11.38214285714286,31.874175824175822,95.29120879120879,6958.82,1406.98
2017,-9.055,-38.12,31.65439560439558,21.967032967032964,260.9,260.9,0.0,973.0,0 days 12:08:42.527472527,21.56153846153846,42.687912087912075,135.78021978021977,7065.48,1830.39
2017,-21.91,-49.85,29.404945054945074,19.33186813186813,1189.6000000000001,1189.6000000000001,0.0,1314.0,0 days 12:08:23.076923076,14.013736263736272,32.56098901098904,121.57967032967034,6769.01,1543.79
2017,-18.88,-46.74,29.57967032967033,19.292857142857148,918.6,918.6,0.0,1164.0,0 days 12:08:24.725274725,12.738461538461541,31.37939560439558,110.97802197802197,7102.210000000001,1567.26
2017,-18.88,-46.74,29.57967032967033,19.292857142857148,918.6,918.6,0.0,1164.0,0 days 12:08:24.725274725,12.738461538461541,31.37939560439558,110.97802197802197,7102.210000000001,1567.26
2017,-12.705,-43.99,33.16785714285719,21.97609890109891,543.0,543.0,0.0,642.0,0 days 12:08:34.120879120,12.061813186813186,28.735714285714295,130.4478021978022,7768.110000000001,1935.09
2017,-12.594,-44.112,33.31016483516483,22.17170329670329,509.40000000000003,509.40000000000003,0.0,573.0,0 days 12:08:33.131868131,11.60659340659339,28.534615384615375,127.58791208791209,7821.25,1927.67
2017,-28.448,-48.9749,24.030494505494502,14.967307692307703,2088.4,2088.4,0.0,2054.0,0 days 12:08:29.505494505,10.546703296703289,31.189285714285724,182.37637362637363,5794.37,1102.9499999999998
2017,-8.213,-42.545,33.93763736263739,23.91181318681317,531.3,531.3,0.0,645.0,0 days 12:08:42.362637362,17.05109890109889,39.78653846153844,117.6043956043956,7544.25,2139.56
2017,-17.34,-47.25,27.690934065934062,17.920329670329664,994.5,994.5,0.0,1206.0,0 days 12:08:27.362637362,13.461813186813188,33.19917582417582,120.53296703296704,7228.05,1575.3200000000002
2017,-17.416,-44.92,31.55769230769235,20.739560439560442,747.0999999999999,747.0999999999999,0.0,847.0,0 days 12:08:25.714285714,12.203846153846156,30.582142857142845,101.5934065934066,7341.83,1783.75
2017,-17.4,-44.88,31.40824175824179,20.5923076923077,747.0999999999999,747.0999999999999,0.0,847.0,0 days 12:08:26.868131868,12.203846153846156,30.582142857142845,101.5934065934066,7341.83,1777.77
2017,-17.4,-44.88,31.40824175824179,20.5923076923077,747.0999999999999,747.0999999999999,0.0,847.0,0 days 12:08:26.868131868,12.203846153846156,30.582142857142845,101.5934065934066,7341.83,1777.77
2017,-8.51,-42.505,34.537637362637334,24.5118131868132,531.3,531.3,0.0,645.0,0 days 12:08:41.208791208,17.05109890109889,39.78653846153844,117.6043956043956,7544.25,2163.67
2017,-8.465,-42.565,34.788736263736254,24.762362637362628,531.3,531.3,0.0,645.0,0 days 12:08:44.340659340,17.05109890109889,39.78653846153844,117.6043956043956,7544.25,2175.0699999999997
2017,-12.26,-44.3,33.0978021978022,22.329945054945053,497.1,497.1,0.0,689.0,0 days 12:08:34.615384615,11.768406593406585,30.009065934065934,114.12912087912088,7714.400000000001,1924.0700000000002
2017,-8.343,-36.235,28.896978021978033,20.56016483516484,282.9,282.9,0.0,979.0,0 days 12:08:41.538461538,17.45439560439561,40.298351648351634,127.68406593406593,6799.859999999999,1514.23
2017,-22.8838,-47.0438,25.25000000000001,15.424725274725281,1317.3000000000002,1317.3000000000002,0.0,1447.0,0 days 12:08:21.758241758,14.457142857142868,35.011538461538436,160.0879120879121,6453.549999999999,1275.5300000000002
2017,-6.0039,-40.2747,32.30467032967033,22.714835164835183,595.5999999999999,595.5999999999999,0.0,877.0,0 days 12:08:51.263736263,20.261263736263736,40.10521978021979,103.01923076923077,7428.17,1969.3200000000002
2017,-18.0,-46.87,29.441208791208798,18.86236263736264,858.9,858.9,0.0,1186.0,0 days 12:08:26.208791208,12.32747252747253,30.465934065934068,104.8543956043956,7194.8099999999995,1610.32
2017,-14.156,-42.735,30.081318681318688,18.845054945054926,350.0,350.0,0.0,480.0,0 days 12:08:30.989010989,17.69065934065934,41.83983516483514,103.56318681318682,7677.459999999999,1904.6299999999999
2017,42.463,26.408,19.02967032967033,8.621428571428574,564.8000000000001,516.6,36.82,933.0,0 days 12:16:32.967032967,14.381593406593408,31.93214285714285,157.74725274725276,5457.61,1067.81
2017,42.588,25.484,18.37280219780219,7.788736263736257,707.2,630.3,55.93,1145.0,0 days 12:16:36.428571428,11.86675824175824,29.929945054945055,183.53296703296704,5510.09,1033.42
2017,42.632,26.037,18.272802197802182,7.688736263736266,707.2,630.3,55.93,1145.0,0 days 12:16:38.406593406,11.86675824175824,29.929945054945055,183.53296703296704,5510.09,1031.8
2017,43.2072,27.6054,17.6631868131868,9.170879120879125,575.5999999999999,533.9,32.480000000000004,865.0,0 days 12:16:50.934065934,16.323351648351665,36.48021978021977,179.00824175824175,5415.65,979.5500000000001
2017,41.508,23.796,18.693406593406593,7.019230769230775,814.1999999999999,754.4,43.61,1184.0,0 days 12:16:14.340659340,7.52417582417582,28.454395604395593,167.45604395604394,5663.29,1018.6999999999999
2017,42.396,26.526,19.279670329670317,8.868956043956047,564.8000000000001,516.6,36.82,933.0,0 days 12:16:30.989010989,14.381593406593408,31.93214285714285,157.74725274725276,5457.61,1074.16
2017,44.0587,27.2568,16.9912087912088,7.649725274725275,576.0999999999999,513.4,46.129999999999995,976.0,0 days 12:17:10.714285714,16.834615384615386,33.318406593406586,178.92857142857142,5123.6900000000005,974.1100000000001
2017,42.105,25.322,20.417582417582423,8.801373626373618,654.1000000000001,564.8,64.67999999999999,1019.0,0 days 12:16:25.549450549,13.868406593406585,28.624450549450543,197.32967032967034,5578.63,1149.05
2017,42.581,24.803,19.225824175824172,7.41978021978022,627.9,550.9,57.54,1128.0,0 days 12:16:36.098901098,10.627197802197802,25.72307692307693,195.4532967032967,5548.06,1065.8
2017,44.035,26.908,17.184615384615373,7.782142857142856,601.4,538.0,46.970000000000006,956.0,0 days 12:17:10.714285714,16.784065934065936,33.51401098901096,174.1813186813187,5138.99,984.5
2017,43.308,25.032,18.090109890109893,7.610989010989005,726.2,635.6000000000001,68.04,1072.0,0 days 12:16:53.736263736,14.471703296703296,29.249175824175847,188.76098901098902,5278.25,1019.54
2017,43.7491,23.3858,19.184615384615398,7.884615384615381,590.4,535.8,41.85999999999999,953.0,0 days 12:17:03.791208791,16.490659340659345,32.15521978021979,195.63186813186815,5311.949999999999,1155.75
2017,44.107,27.174,17.74148351648351,8.402197802197795,576.0999999999999,513.4,46.129999999999995,976.0,0 days 12:17:11.868131868,16.834615384615386,33.318406593406586,178.92857142857142,5123.6900000000005,993.05
2017,42.516,26.755,18.419505494505504,8.251923076923076,586.8,535.6999999999999,38.99,935.0,0 days 12:16:35.934065934,15.72774725274727,32.926373626373575,152.5,5422.49,1046.55
2017,43.519,24.546,18.665109890109893,8.062087912087915,682.5,604.7,57.75,1065.0,0 days 12:16:58.516483516,15.283241758241749,30.138736263736273,186.73626373626374,5294.09,1061.27
2017,42.4673,26.361,19.404120879120875,8.643406593406588,541.0999999999999,497.5999999999999,32.83,904.0,0 days 12:16:32.307692307,13.440659340659337,30.834065934065904,160.36813186813185,5486.4400000000005,1081.97
2017,42.32,24.301,19.279945054945056,7.473901098901103,627.9,550.9,57.54,1128.0,0 days 12:16:30.329670329,10.627197802197802,25.72307692307693,195.4532967032967,5548.06,1066.38
2017,44.042,27.016,17.134340659340655,7.7296703296703315,601.4,538.0,46.970000000000006,956.0,0 days 12:17:11.373626373,16.784065934065936,33.51401098901096,174.1813186813187,5138.99,983.44
2017,43.242,23.544,17.58434065934067,6.863736263736273,745.8,656.0,68.11000000000001,1084.0,0 days 12:16:52.912087912,12.923076923076916,28.119505494505486,208.85164835164835,5316.360000000001,1006.93
2017,43.2466,23.5397,17.63571428571428,6.912362637362647,745.8,656.0,68.11000000000001,1084.0,0 days 12:16:53.571428571,12.923076923076916,28.119505494505486,208.85164835164835,5316.360000000001,1007.8
2017,42.473,26.454,19.02967032967033,8.621428571428574,564.8000000000001,516.6,36.82,933.0,0 days 12:16:33.131868131,14.381593406593408,31.93214285714285,157.74725274725276,5457.61,1067.29
2017,41.865,26.095,20.70302197802197,9.450000000000001,841.0,744.8,69.02,1038.0,0 days 12:16:18.956043956,16.3087912087912,34.71126373626372,179.45054945054946,5672.02,1226.77
2017,42.125,25.635,20.35164835164834,8.842307692307688,626.2,567.0,43.68000000000001,1011.0,0 days 12:16:26.208791208,13.563736263736256,28.466208791208825,157.39835164835165,5558.820000000001,1145.5900000000001
2017,14.364,0.078,36.2629120879121,24.168406593406605,345.2,345.2,0.0,287.0,0 days 12:10:29.835164835,18.890934065934083,35.67032967032965,153.68406593406593,8308.51,2642.79
2017,12.307,-1.637,34.46758241758243,23.105494505494498,601.8000000000001,601.8000000000001,0.0,596.0,0 days 12:10:17.802197802,13.67527472527473,31.869230769230782,141.3021978021978,8053.9000000000015,2182.58
2017,-3.42,30.03,26.985989010988995,16.918131868131862,1079.2000000000003,1079.2000000000003,0.0,1431.0,0 days 12:08:58.021978021,9.585164835164832,30.15412087912086,180.88736263736263,7122.2699999999995,1469.79
2017,11.075,106.06,32.53434065934069,25.058516483516478,2126.2000000000003,2126.2000000000003,0.0,2277.0,0 days 12:10:07.087912087,12.726098901098894,30.638736263736263,169.0467032967033,6462.85,1465.48
2017,11.0695,106.1144,32.53434065934069,25.058516483516478,2126.2000000000003,2126.2000000000003,0.0,2277.0,0 days 12:10:05.604395604,12.726098901098894,30.638736263736263,169.0467032967033,6462.85,1465.48
2017,10.6347,104.5243,31.71428571428574,24.97829670329672,1839.9,1839.9,0.0,2409.0,0 days 12:10:01.813186813,13.221153846153856,32.07884615384618,163.66483516483515,6176.28,1382.8899999999999
2017,42.855,-80.3607,12.87335164835165,7.20137362637363,1036.2,948.3,70.0,1467.0,0 days 12:16:41.208791208,25.33736263736266,44.290384615384575,210.05769230769232,5288.08,873.75
2017,42.9585,-81.6708,14.259065934065942,5.73736263736264,990.3,906.3000000000001,73.71,1474.0,0 days 12:16:44.835164835,20.48434065934067,44.03626373626375,216.20604395604394,5175.24,902.09
2017,44.1939,-78.0946,12.486813186813189,3.5862637362637373,1149.5,1010.1000000000001,104.86,1394.0,0 days 12:17:15.824175824,17.389835164835173,41.3195054945055,210.47527472527472,4949.4,798.08
2017,45.54,-74.8878,12.170879120879123,2.896978021978026,1380.4,1164.5,161.21,1708.0,0 days 12:17:50.109890109,16.402197802197808,38.068406593406614,204.88186813186815,4683.53,759.38
2017,42.1449,-83.0769,15.26016483516483,7.644230769230763,947.5,881.6999999999999,51.589999999999996,1227.0,0 days 12:16:25.549450549,22.726648351648336,41.4442307692308,202.71978021978023,5298.93,984.5799999999999
2017,42.1637,-83.0807,15.310439560439553,7.69340659340659,947.5,881.6999999999999,51.589999999999996,1227.0,0 days 12:16:27.197802197,22.726648351648336,41.4442307692308,202.71978021978023,5298.93,985.1600000000001
2017,42.169,-83.0876,15.310439560439553,7.69340659340659,947.5,881.6999999999999,51.589999999999996,1227.0,0 days 12:16:26.868131868,22.726648351648336,41.4442307692308,202.71978021978023,5298.93,985.52
2017,44.629,-79.8493,10.580769230769224,3.9843406593406603,1258.9,1091.5,136.57,1931.0,0 days 12:17:25.219780219,19.823351648351647,39.60659340659342,209.96703296703296,4721.37,690.3700000000001
2017,45.4083,-76.275,11.948901098901098,2.3873626373626404,1295.1,1072.1,165.48,1631.0,0 days 12:17:47.472527472,15.810164835164837,38.324450549450525,213.53846153846155,4650.540000000001,747.8199999999999
2017,44.651,-78.7587,11.388736263736261,2.7612637362637362,1325.9,1151.8999999999999,136.36,1820.0,0 days 12:17:26.538461538,16.665934065934056,39.57912087912086,207.51373626373626,4631.78,708.04
2017,50.7807,-112.46,12.3228021978022,-0.264835164835165,338.40000000000003,229.20000000000002,86.52000000000001,743.0,0 days 12:20:40.054945054,19.15412087912086,37.49725274725276,201.9945054945055,5352.299999999999,961.94
2017,44.2588,-79.293,12.540659340659346,4.086538461538458,1159.8,1037.2,97.51000000000002,1540.0,0 days 12:17:15.824175824,19.196703296703294,42.45247252747255,214.28021978021977,4828.57,790.6600000000001
2017,44.0652,-77.2579,12.426923076923085,6.1472527472527485,1126.1,993.5,99.39999999999999,1389.0,0 days 12:17:11.043956043,22.45384615384616,44.17087912087915,203.2554945054945,5129.15,815.21
2017,42.8913,-81.1134,13.901923076923078,5.318406593406598,1082.2,993.3999999999999,74.41000000000001,1471.0,0 days 12:16:42.692307692,20.23956043956045,44.28516483516485,216.44505494505495,5159.530000000001,882.96
2017,48.9428,-88.3141,8.406318681318677,-0.6142857142857148,741.9000000000001,546.0,155.60999999999996,1305.0,0 days 12:19:34.285714285,19.472802197802192,42.345329670329676,210.70054945054946,4738.15,693.1300000000001
2017,44.2044,-76.9251,13.15274725274726,4.797802197802198,1197.4,1046.0,112.13999999999999,1466.0,0 days 12:17:15.494505494,17.505769230769232,40.57115384615383,204.37087912087912,4972.63,816.8699999999999
2017,42.9854,-80.9604,13.848901098901116,5.271428571428574,1082.2,993.3999999999999,74.41000000000001,1471.0,0 days 12:16:46.648351648,20.23956043956045,44.28516483516485,216.44505494505495,5159.530000000001,880.36
2017,44.6329,-75.6982,12.72362637362636,3.8461538461538467,1351.9,1155.9,146.64999999999998,1647.0,0 days 12:17:27.197802197,16.489835164835167,39.10082417582417,205.85164835164835,4671.51,766.1400000000001
2017,44.6301,-75.8033,12.572802197802195,3.689835164835166,1351.9,1155.9,146.64999999999998,1647.0,0 days 12:17:26.703296703,16.489835164835167,39.10082417582417,205.85164835164835,4671.51,763.53
2017,44.5939,-75.7354,12.718681318681325,4.522527472527473,1425.6999999999998,1243.3999999999999,137.62,1661.0,0 days 12:17:24.725274725,16.639560439560434,38.629395604395555,203.34615384615384,4678.07,747.01
2017,50.577,-111.866,12.66043956043956,-0.028021978021977367,342.0,228.5,87.29,774.0,0 days 12:20:29.835164835,18.329945054945064,37.28818681318682,198.14835164835165,5387.8,980.0600000000001
2017,44.9778,-75.8198,12.473076923076917,3.083791208791206,1353.3,1151.0,150.36,1636.0,0 days 12:17:34.285714285,16.477197802197793,39.25439560439558,208.27747252747253,4682.099999999999,770.4
2017,45.1563,-75.2245,12.25,2.8912087912087903,1430.9,1224.5,153.3,1718.0,0 days 12:17:39.065934065,16.34862637362638,38.90439560439559,205.8131868131868,4694.929999999999,763.02
2017,45.1024,-74.6899,12.861813186813194,4.004945054945053,1366.1,1155.1,160.01999999999998,1803.0,0 days 12:17:36.428571428,16.653021978021997,39.61593406593407,203.59065934065933,4674.98,773.6000000000001
2017,48.7152,-94.2518,10.047527472527472,-0.40247252747252843,649.2,488.4,127.39999999999998,1168.0,0 days 12:19:24.065934065,18.158241758241758,41.219230769230755,203.68956043956044,4750.93,784.27
2017,45.0085,-74.9996,12.722802197802194,3.651373626373628,1397.4,1194.6999999999998,152.10999999999999,1705.0,0 days 12:17:34.945054945,16.65631868131868,39.56648351648349,202.81043956043956,4666.96,771.15
2017,44.4384,-79.0681,11.621978021978018,3.88049450549451,1220.7,1071.6,117.88000000000001,1714.0,0 days 12:17:20.934065934,18.416208791208792,40.211538461538424,211.0,4726.51,731.21
2017,44.2875,-79.2834,12.540659340659346,4.086538461538458,1159.8,1037.2,97.51000000000002,1540.0,0 days 12:17:16.978021978,19.196703296703294,42.45247252747255,214.28021978021977,4828.57,790.6600000000001
2017,45.0564,-76.0795,11.936813186813184,3.1096153846153873,1303.4,1098.8,153.09,1644.0,0 days 12:17:38.406593406,16.332417582417584,38.62445054945053,210.69230769230768,4674.11,746.6499999999999
2017,44.8406,-76.0866,11.94230769230769,3.9771978021978023,1303.2,1108.9,145.74,1627.0,0 days 12:17:32.307692307,16.420054945054957,38.245604395604396,204.8543956043956,4669.19,727.57
2017,42.2741,-82.4267,13.962362637362638,8.345879120879117,1000.3000000000001,931.3999999999999,54.599999999999994,1287.0,0 days 12:16:27.527472527,24.81840659340659,41.28159340659341,202.82142857142858,5338.71,900.0799999999999
2017,42.4454,-81.8504,13.338186813186804,6.949725274725272,1003.3,927.6,60.97,1359.0,0 days 12:16:33.626373626,25.00467032967035,44.580494505494514,209.67307692307693,5267.58,888.29
2017,44.2904,-76.9257,12.999999999999998,4.649175824175822,1197.4,1046.0,112.13999999999999,1466.0,0 days 12:17:17.307692307,17.505769230769232,40.57115384615383,204.37087912087912,4972.63,813.5699999999999
2017,44.2984,-76.9425,12.952747252747253,4.5978021978022,1197.4,1046.0,112.13999999999999,1466.0,0 days 12:17:16.483516483,17.505769230769232,40.57115384615383,204.37087912087912,4972.63,811.69
2017,48.3603,-89.2536,7.215659340659339,1.450274725274727,693.5,531.0,126.56,1315.0,0 days 12:19:10.879120879,22.156043956043973,37.724999999999966,203.8131868131868,4724.47,622.22
2017,44.0199,-77.094,12.799999999999997,4.4491758241758195,1197.4,1046.0,112.13999999999999,1466.0,0 days 12:17:10.054945054,17.505769230769232,40.57115384615383,204.37087912087912,4972.63,808.13
2017,44.4633,-78.9662,11.374450549450556,3.6269230769230765,1220.7,1071.6,117.88000000000001,1714.0,0 days 12:17:21.593406593,18.416208791208792,40.211538461538424,211.0,4726.51,725.49
2017,44.2878,-79.2936,12.490934065934068,4.034890109890108,1159.8,1037.2,97.51000000000002,1540.0,0 days 12:17:15.989010989,19.196703296703294,42.45247252747255,214.28021978021977,4828.57,789.48
2017,44.5117,-78.992,11.474450549450554,3.7269230769230752,1220.7,1071.6,117.88000000000001,1714.0,0 days 12:17:22.912087912,18.416208791208792,40.211538461538424,211.0,4726.51,728.1899999999999
2017,42.8883,-79.819,13.11648351648352,7.048626373626377,997.2,910.5999999999999,68.95,1505.0,0 days 12:16:42.362637362,23.378846153846148,42.33434065934064,205.83516483516485,5062.780000000001,861.01
2017,50.9061,-112.708,11.716758241758239,-0.7549450549450536,330.49999999999994,221.59999999999997,85.26,754.0,0 days 12:20:39.560439560,19.2403846153846,38.42060439560439,208.42582417582418,5297.85,937.55
2017,43.9294,-78.5454,12.70467032967034,5.4829670329670295,1025.3,906.0999999999999,89.32000000000001,1392.0,0 days 12:17:08.076923076,20.095054945054937,41.719505494505476,208.0521978021978,5020.72,809.88
2017,44.0636,-78.8664,12.090384615384622,3.434890109890113,1193.3000000000002,1064.4,100.66000000000001,1522.0,0 days 12:17:10.054945054,19.09148351648352,42.834340659340675,211.87637362637363,4845.57,784.78
2017,43.088,-80.8462,13.737087912087915,5.121153846153847,1037.0,953.9000000000001,67.06,1399.0,0 days 12:16:49.615384615,19.933516483516495,43.64972527472529,213.61813186813185,5161.109999999999,882.22
2017,49.375,-82.3928,7.666758241758248,-2.7173076923076946,973.6000000000001,729.7,188.16000000000003,1544.0,0 days 12:19:45.164835164,16.259340659340655,37.94697802197806,211.8653846153846,4388.78,640.74
2017,49.669,-115.9476,11.68543956043955,0.2950549450549471,518.0,238.2,211.33,1353.0,0 days 12:19:55.714285714,9.678021978021986,32.521978021978015,201.79945054945054,5286.710000000001,868.37
2017,44.2966,-76.633,12.44505494505495,5.044505494505498,1263.1000000000001,1104.8000000000002,117.53,1552.0,0 days 12:17:17.472527472,18.335164835164846,40.59890109890108,201.77747252747253,4959.16,790.48
2017,44.2712,-76.6719,12.34505494505494,4.944505494505495,1263.1000000000001,1104.8000000000002,117.53,1552.0,0 days 12:17:17.472527472,18.335164835164846,40.59890109890108,201.77747252747253,4959.16,788.48
2017,44.2653,-76.7686,12.39752747252747,4.995604395604396,1263.1000000000001,1104.8000000000002,117.53,1552.0,0 days 12:17:18.296703296,18.335164835164846,40.59890109890108,201.77747252747253,4959.16,789.3900000000001
2017,44.3201,-76.5667,11.82884615384615,5.482417582417578,1357.0,1192.5,122.00999999999999,1563.0,0 days 12:17:19.285714285,18.98241758241759,39.6381868131868,200.4065934065934,4934.039999999999,749.77
2017,44.3136,-78.3926,12.481868131868127,3.68708791208791,1182.1999999999998,1050.5,100.87,1523.0,0 days 12:17:18.296703296,18.570329670329674,41.880769230769204,210.84065934065933,4897.48,801.24
2017,47.5126,-79.708,9.220879120879113,0.007692307692306065,958.3,730.7,171.64000000000001,1669.0,0 days 12:18:46.153846153,17.006043956043957,38.02939560439559,213.3021978021978,4419.78,647.94
2017,47.49,-79.7115,9.175824175824166,-0.038736263736263946,958.3,730.7,171.64000000000001,1669.0,0 days 12:18:45.164835164,17.006043956043957,38.02939560439559,213.3021978021978,4419.78,646.62
2017,47.5049,-79.7115,9.075824175824177,-0.1387362637362615,958.3,730.7,171.64000000000001,1669.0,0 days 12:18:46.153846153,17.006043956043957,38.02939560439559,213.3021978021978,4419.78,645.15
2017,45.574,-74.8192,12.125824175824182,3.1244505494505463,1450.6999999999998,1230.6,164.5,1761.0,0 days 12:17:49.945054945,16.325274725274724,39.76318681318683,206.43956043956044,4689.54,756.6600000000001
2017,44.37,-76.975,12.700000000000003,4.349175824175827,1197.4,1046.0,112.13999999999999,1466.0,0 days 12:17:18.461538461,17.505769230769232,40.57115384615383,204.37087912087912,4972.63,805.71
2017,44.3145,-77.432,13.042032967032968,4.236538461538466,1175.1000000000001,1035.4,105.07,1447.0,0 days 12:17:17.142857142,17.36016483516483,41.065384615384616,206.25824175824175,4968.59,816.48
2017,49.6807,-83.6816,7.635439560439559,-2.9293956043956038,864.5,636.4,176.32999999999998,1547.0,0 days 12:19:57.857142857,16.464285714285715,38.39752747252747,215.69230769230768,4478.42,659.81
2017,44.5392,-79.765,11.860439560439563,3.9958791208791213,1158.9,1027.8000000000002,113.88999999999999,1705.0,0 days 12:17:23.571428571,19.16043956043958,41.95054945054947,216.53021978021977,4744.929999999999,750.7400000000001
2017,44.4724,-79.5693,11.347252747252764,3.696703296703296,1201.2,1061.4,116.06,1659.0,0 days 12:17:20.934065934,18.53571428571427,39.93571428571427,215.47252747252747,4755.81,718.6800000000001
2017,44.4696,-79.5615,11.397802197802196,3.7442307692307715,1201.2,1061.4,116.06,1659.0,0 days 12:17:21.428571428,18.53571428571427,39.93571428571427,215.47252747252747,4755.81,720.23
2017,44.4762,-79.7194,11.660439560439567,3.7958791208791243,1158.9,1027.8000000000002,113.88999999999999,1705.0,0 days 12:17:23.241758241,19.16043956043958,41.95054945054947,216.53021978021977,4744.929999999999,746.6599999999999
2017,44.5397,-79.762,11.860439560439563,3.9958791208791213,1158.9,1027.8000000000002,113.88999999999999,1705.0,0 days 12:17:24.560439560,19.16043956043958,41.95054945054947,216.53021978021977,4744.929999999999,750.7400000000001
2017,45.1276,-75.2581,12.30082417582418,2.9464285714285734,1430.9,1224.5,153.3,1718.0,0 days 12:17:37.747252747,16.34862637362638,38.90439560439559,205.8131868131868,4694.929999999999,763.8299999999999
2017,45.3092,-76.2435,12.13076923076922,2.623076923076922,1264.0,1048.0,162.4,1635.0,0 days 12:17:44.340659340,16.073351648351654,38.8576923076923,214.5989010989011,4656.32,757.1199999999999
2017,48.7069,-94.2503,10.047527472527472,-0.40247252747252843,649.2,488.4,127.39999999999998,1168.0,0 days 12:19:24.065934065,18.158241758241758,41.219230769230755,203.68956043956044,4750.93,784.1199999999999
2017,42.81,-80.035,13.216483516483517,7.148626373626374,997.2,910.5999999999999,68.95,1505.0,0 days 12:16:40.879120879,23.378846153846148,42.33434065934064,205.83516483516485,5062.780000000001,863.9900000000001
2017,44.2175,-76.7082,12.597527472527483,5.195604395604397,1263.1000000000001,1104.8000000000002,117.53,1552.0,0 days 12:17:15.329670329,18.335164835164846,40.59890109890108,201.77747252747253,4959.16,794.7700000000001
2017,42.8745,-80.2972,12.820879120879116,7.15082417582418,1036.2,948.3,70.0,1467.0,0 days 12:16:41.538461538,25.33736263736266,44.290384615384575,210.05769230769232,5288.08,871.79
2017,45.6081,-79.4262,10.65604395604395,1.6401098901098892,1340.2,1100.0,183.82,1946.0,0 days 12:17:50.274725274,17.068406593406593,40.6054945054945,207.1620879120879,4571.91,689.24
2017,49.1444,-80.9717,7.5041208791208796,-2.551098901098898,935.1000000000001,694.3,185.01,1724.0,0 days 12:19:38.736263736,16.28214285714287,38.09615384615383,209.1813186813187,4345.1,621.91
2017,44.059,-77.3315,12.426923076923085,6.1472527472527485,1126.1,993.5,99.39999999999999,1389.0,0 days 12:17:10.714285714,22.45384615384616,44.17087912087915,203.2554945054945,5129.15,815.21
2017,44.066,-77.3151,12.426923076923085,6.1472527472527485,1126.1,993.5,99.39999999999999,1389.0,0 days 12:17:12.857142857,22.45384615384616,44.17087912087915,203.2554945054945,5129.15,815.58
2017,45.612,-79.3572,10.079945054945055,1.798076923076925,1335.3,1085.7,191.8,1992.0,0 days 12:17:50.439560439,16.98956043956043,40.147527472527486,207.48626373626374,4555.4,663.77
2017,44.6707,-76.3044,11.794505494505486,3.9340659340659334,1279.6,1081.1,147.42000000000002,1607.0,0 days 12:17:28.681318681,16.436813186813197,38.312362637362625,205.01373626373626,4681.5,726.74
2017,49.1258,-80.9915,7.418406593406599,-2.624450549450545,935.1000000000001,694.3,185.01,1724.0,0 days 12:19:38.241758241,16.28214285714287,38.09615384615383,209.1813186813187,4345.1,620.47
2017,45.0965,-74.7167,12.861813186813194,4.004945054945053,1366.1,1155.1,160.01999999999998,1803.0,0 days 12:17:37.417582417,16.653021978021997,39.61593406593407,203.59065934065933,4674.98,774.0999999999999
2017,49.1402,-81.2854,7.456318681318678,-2.6851648351648305,919.8999999999999,682.6,181.16,1654.0,0 days 12:19:41.538461538,16.27252747252748,37.931593406593414,209.37087912087912,4339.630000000001,620.05
2017,49.1433,-80.9888,7.418406593406599,-2.624450549450545,935.1000000000001,694.3,185.01,1724.0,0 days 12:19:38.406593406,16.28214285714287,38.09615384615383,209.1813186813187,4345.1,620.96
2017,44.6824,-76.2727,11.8456043956044,3.9851648351648357,1279.6,1081.1,147.42000000000002,1607.0,0 days 12:17:26.538461538,16.436813186813197,38.312362637362625,205.01373626373626,4681.5,727.5
2017,44.8206,-76.307,11.694505494505496,3.8340659340659364,1279.6,1081.1,147.42000000000002,1607.0,0 days 12:17:32.142857142,16.436813186813197,38.312362637362625,205.01373626373626,4681.5,724.1899999999999
2017,44.6692,-76.274,11.794505494505486,3.9340659340659334,1279.6,1081.1,147.42000000000002,1607.0,0 days 12:17:26.043956043,16.436813186813197,38.312362637362625,205.01373626373626,4681.5,727.21
2017,44.5825,-79.4981,11.347252747252764,3.696703296703296,1201.2,1061.4,116.06,1659.0,0 days 12:17:24.890109890,18.53571428571427,39.93571428571427,215.47252747252747,4755.81,719.55
2017,44.5809,-79.4984,11.397802197802196,3.7442307692307715,1201.2,1061.4,116.06,1659.0,0 days 12:17:24.890109890,18.53571428571427,39.93571428571427,215.47252747252747,4755.81,719.98
2017,44.586,-79.4995,11.547252747252749,3.8967032967032926,1201.2,1061.4,116.06,1659.0,0 days 12:17:24.560439560,18.53571428571427,39.93571428571427,215.47252747252747,4755.81,723.9100000000001
2017,43.049,-80.3883,13.953846153846161,5.608241758241759,1015.6999999999999,932.6999999999999,66.28999999999999,1428.0,0 days 12:16:47.637362637,19.956593406593395,43.33763736263736,214.2445054945055,5158.55,887.02
2017,44.7257,-75.4928,12.765384615384619,4.082967032967033,1370.8000000000002,1180.1999999999998,143.57,1688.0,0 days 12:17:28.516483516,16.531593406593412,39.12774725274723,205.3434065934066,4667.719999999999,762.26
2017,44.0246,-78.1208,12.450824175824167,3.786538461538462,1158.9,1024.1,102.33999999999999,1467.0,0 days 12:17:10.549450549,18.222527472527478,41.6085164835165,208.95054945054946,4925.88,800.77
2017,44.4433,-78.6864,11.184340659340661,3.6445054945054904,1235.8999999999999,1084.6,119.21000000000001,1646.0,0 days 12:17:22.417582417,17.715384615384618,40.64258241758242,209.49175824175825,4718.3099999999995,713.45
2017,44.0616,-79.1816,12.278021978021968,3.4656593406593426,1105.0,989.3,88.27000000000001,1431.0,0 days 12:17:11.538461538,18.724175824175827,42.576098901098895,214.4065934065934,4927.71,804.8399999999999
2017,45.1066,-74.6822,12.91291208791209,4.052747252747251,1366.1,1155.1,160.01999999999998,1803.0,0 days 12:17:36.593406593,16.653021978021997,39.61593406593407,203.59065934065933,4674.98,775.37
2017,43.9459,-78.3877,12.804670329670316,5.5829670329670416,1025.3,906.0999999999999,89.32000000000001,1392.0,0 days 12:17:07.582417582,20.095054945054937,41.719505494505476,208.0521978021978,5020.72,813.4799999999999
2017,44.4307,-78.694,11.231593406593399,3.695054945054942,1235.8999999999999,1084.6,119.21000000000001,1646.0,0 days 12:17:21.593406593,17.715384615384618,40.64258241758242,209.49175824175825,4718.3099999999995,715.1099999999999
2017,44.5006,-79.6133,11.297802197802204,3.644230769230767,1201.2,1061.4,116.06,1659.0,0 days 12:17:23.571428571,18.53571428571427,39.93571428571427,215.47252747252747,4755.81,717.59
2017,48.4393,-80.3256,8.489285714285712,-1.6771978021978033,940.9,704.2,183.19,1661.0,0 days 12:19:13.186813186,17.210439560439575,40.41758241758243,214.5879120879121,4535.82,669.9300000000001
2017,44.6982,-79.8423,10.631593406593405,4.029945054945059,1258.9,1091.5,136.57,1931.0,0 days 12:17:27.197802197,19.823351648351647,39.60659340659342,209.96703296703296,4721.37,691.0
2017,42.9548,-81.6693,14.310714285714294,5.788736263736265,990.3,906.3000000000001,73.71,1474.0,0 days 12:16:45.164835164,20.48434065934067,44.03626373626375,216.20604395604394,5175.24,903.06
2017,42.7841,-80.2655,12.973351648351656,7.301373626373635,1036.2,948.3,70.0,1467.0,0 days 12:16:39.560439560,25.33736263736266,44.290384615384575,210.05769230769232,5288.08,876.09
2017,46.5236,-84.4456,9.49368131868132,2.8304945054945048,1120.7,913.0,171.14999999999998,1835.0,0 days 12:18:17.307692307,21.828296703296704,41.773351648351635,216.42582417582418,4867.23,682.71
2017,46.5171,-84.4261,9.49368131868132,2.8304945054945048,1120.7,913.0,171.14999999999998,1835.0,0 days 12:18:17.142857142,21.828296703296704,41.773351648351635,216.42582417582418,4867.23,683.5699999999999
2017,46.5473,-84.2796,10.006318681318678,2.3324175824175835,1085.1,890.8000000000001,158.76,1677.0,0 days 12:18:18.461538461,18.99532967032967,41.92500000000001,207.35164835164835,4895.469999999999,699.73
2017,42.9417,-82.3394,13.301923076923076,7.07032967032967,983.2,899.4000000000001,71.68,1527.0,0 days 12:16:43.351648351,23.147252747252764,39.69395604395606,210.45604395604394,5063.97,862.95
2017,42.9498,-82.3199,13.301923076923076,7.07032967032967,983.2,899.4000000000001,71.68,1527.0,0 days 12:16:43.681318681,23.147252747252764,39.69395604395606,210.45604395604394,5063.97,863.3499999999999
2017,42.695,-80.9791,13.084340659340663,6.902747252747255,1078.8,996.0999999999999,67.27,1416.0,0 days 12:16:37.417582417,24.413186813186833,43.89505494505493,212.72527472527472,5291.6900000000005,883.1300000000001
2017,44.4761,-78.9752,11.374450549450556,3.6269230769230765,1220.7,1071.6,117.88000000000001,1714.0,0 days 12:17:22.912087912,18.416208791208792,40.211538461538424,211.0,4726.51,725.1899999999999
2017,44.4166,-78.8859,11.321978021978031,3.580494505494508,1220.7,1071.6,117.88000000000001,1714.0,0 days 12:17:20.604395604,18.416208791208792,40.211538461538424,211.0,4726.51,724.28
2017,44.8769,-76.007,12.08406593406593,3.2601648351648342,1303.4,1098.8,153.09,1644.0,0 days 12:17:32.307692307,16.332417582417584,38.62445054945053,210.69230769230768,4674.11,750.1399999999999
2017,44.95,-76.1139,11.936813186813184,3.1096153846153873,1303.4,1098.8,153.09,1644.0,0 days 12:17:32.802197802,16.332417582417584,38.62445054945053,210.69230769230768,4674.11,747.34
2017,44.9279,-76.1158,11.984065934065939,3.1601648351648346,1303.4,1098.8,153.09,1644.0,0 days 12:17:32.637362637,16.332417582417584,38.62445054945053,210.69230769230768,4674.11,748.3
2017,44.9479,-76.1422,11.904395604395612,3.08846153846154,1252.2,1040.6,157.22000000000003,1644.0,0 days 12:17:34.450549450,16.267307692307696,38.63516483516485,214.0164835164835,4661.23,743.0899999999999
2017,44.9207,-76.1348,11.955769230769233,3.141208791208793,1252.2,1040.6,157.22000000000003,1644.0,0 days 12:17:33.131868131,16.267307692307696,38.63516483516485,214.0164835164835,4661.23,744.6300000000001
2017,44.8547,-75.9818,12.098901098901102,4.129670329670331,1303.2,1108.9,145.74,1627.0,0 days 12:17:31.318681318,16.420054945054957,38.245604395604396,204.8543956043956,4669.19,731.2800000000001
2017,44.3118,-76.6511,12.39752747252747,4.995604395604396,1263.1000000000001,1104.8000000000002,117.53,1552.0,0 days 12:17:16.648351648,18.335164835164846,40.59890109890108,201.77747252747253,4959.16,789.1800000000001
2017,50.0378,-110.7199,13.618956043956054,1.37664835164835,329.4,208.4,96.11,748.0,0 days 12:20:10.219780219,19.378296703296716,39.02087912087911,200.4587912087912,5479.45,1056.5300000000002
2017,44.232,-77.3566,13.376373626373638,4.244780219780225,1182.1,1039.3,106.53999999999999,1369.0,0 days 12:17:15,16.634890109890105,38.917582417582395,204.6978021978022,4966.68,820.04
2017,44.1479,-79.0504,12.090384615384622,3.434890109890113,1193.3000000000002,1064.4,100.66000000000001,1522.0,0 days 12:17:14.010989010,19.09148351648352,42.834340659340675,211.87637362637363,4845.57,785.03
2017,44.2808,-79.0347,12.29038461538462,3.634890109890109,1193.3000000000002,1064.4,100.66000000000001,1522.0,0 days 12:17:17.637362637,19.09148351648352,42.834340659340675,211.87637362637363,4845.57,789.1100000000001
2017,44.102,-80.7472,11.873351648351655,3.4464285714285685,1203.9,1051.9,131.18,1839.0,0 days 12:17:12.527472527,20.55521978021978,45.21730769230772,219.5054945054945,4842.820000000001,774.6
2017,44.4631,-79.0662,11.621978021978018,3.88049450549451,1220.7,1071.6,117.88000000000001,1714.0,0 days 12:17:21.923076923,18.416208791208792,40.211538461538424,211.0,4726.51,731.3899999999999
2017,44.632,-75.805,12.572802197802195,3.689835164835166,1351.9,1155.9,146.64999999999998,1647.0,0 days 12:17:26.373626373,16.489835164835167,39.10082417582417,205.85164835164835,4671.51,763.37
2017,42.8692,-82.4207,14.43131868131868,7.033516483516479,922.2,851.4000000000001,57.82000000000001,1377.0,0 days 12:16:44.175824175,21.625824175824167,40.95824175824174,204.59615384615384,5110.55,915.79
2017,42.7113,-82.4619,14.526648351648337,7.118131868131867,922.2,851.4000000000001,57.82000000000001,1377.0,0 days 12:16:36.428571428,21.625824175824167,40.95824175824174,204.59615384615384,5110.55,918.29
2017,45.4289,-74.9374,12.122527472527466,2.851648351648354,1380.4,1164.5,161.21,1708.0,0 days 12:17:46.483516483,16.402197802197808,38.068406593406614,204.88186813186815,4683.53,757.73
2017,45.3637,-74.9092,12.462087912087927,3.163736263736264,1413.5,1204.1999999999998,154.77,1719.0,0 days 12:17:44.670329670,16.72967032967033,38.646153846153844,204.80769230769232,4690.92,768.0899999999999
2017,45.5035,-74.5278,11.93543956043956,2.9642857142857166,1496.3999999999999,1273.4,166.18,1797.0,0 days 12:17:48.461538461,16.693406593406596,40.53763736263741,205.93406593406593,4700.77,754.78
2017,44.2959,-76.8975,12.799999999999997,4.4491758241758195,1197.4,1046.0,112.13999999999999,1466.0,0 days 12:17:15.989010989,17.505769230769232,40.57115384615383,204.37087912087912,4972.63,808.13
2017,44.9856,-75.013,12.722802197802194,3.651373626373628,1397.4,1194.6999999999998,152.10999999999999,1705.0,0 days 12:17:34.120879120,16.65631868131868,39.56648351648349,202.81043956043956,4666.96,771.15
2017,44.6712,-76.273,11.794505494505486,3.9340659340659334,1279.6,1081.1,147.42000000000002,1607.0,0 days 12:17:25.714285714,16.436813186813197,38.312362637362625,205.01373626373626,4681.5,727.0
2017,44.649,-76.3555,11.8456043956044,3.9851648351648357,1279.6,1081.1,147.42000000000002,1607.0,0 days 12:17:26.043956043,16.436813186813197,38.312362637362625,205.01373626373626,4681.5,727.5
2017,45.017,-74.9659,12.722802197802194,3.651373626373628,1397.4,1194.6999999999998,152.10999999999999,1705.0,0 days 12:17:36.428571428,16.65631868131868,39.56648351648349,202.81043956043956,4666.96,771.15
2017,43.0711,-81.1582,13.985439560439564,5.354120879120882,1099.6,1010.3,76.44,1527.0,0 days 12:16:47.142857142,19.672802197802202,43.217307692307685,216.8434065934066,5183.0599999999995,887.57
2017,44.0561,-77.1519,12.426923076923085,6.1472527472527485,1126.1,993.5,99.39999999999999,1389.0,0 days 12:17:11.043956043,22.45384615384616,44.17087912087915,203.2554945054945,5129.15,815.72
2017,48.3653,-89.3208,7.159340659340658,1.3997252747252735,693.5,531.0,126.56,1315.0,0 days 12:19:12.692307692,22.156043956043973,37.724999999999966,203.8131868131868,4724.47,621.22
2017,46.6692,-80.9214,9.562087912087922,0.45439560439560595,1034.5,821.4000000000001,160.23000000000002,1601.0,0 days 12:18:23.406593406,17.015109890109883,38.99917582417583,206.70054945054946,4570.73,671.1300000000001
2017,48.7078,-94.2516,10.047527472527472,-0.40247252747252843,649.2,488.4,127.39999999999998,1168.0,0 days 12:19:24.560439560,18.158241758241758,41.219230769230755,203.68956043956044,4750.93,784.1199999999999
2017,49.8395,-92.8467,8.398076923076923,-1.275824175824173,740.2,541.6,155.68,1274.0,0 days 12:20:02.472527472,16.767857142857157,38.45659340659341,211.19505494505495,4551.009999999999,703.73
2017,42.9359,-80.1435,14.19670329670329,5.97967032967033,958.5,876.6,63.56,1333.0,0 days 12:16:42.362637362,20.261538461538468,43.605494505494526,211.59615384615384,5161.110000000001,895.03
2017,44.6575,-79.8048,10.880769230769236,4.284340659340664,1258.9,1091.5,136.57,1931.0,0 days 12:17:28.846153846,19.823351648351647,39.60659340659342,209.96703296703296,4721.37,696.4100000000001
2017,44.7713,-79.6416,11.23159340659341,4.629945054945053,1258.9,1091.5,136.57,1931.0,0 days 12:17:29.835164835,19.823351648351647,39.60659340659342,209.96703296703296,4721.37,704.76
2017,44.7706,-79.6018,11.871703296703288,3.803021978021982,1336.0,1161.9,139.51000000000002,1868.0,0 days 12:17:31.318681318,17.37499999999999,40.53131868131868,210.6978021978022,4677.120000000001,726.97
2017,42.9743,-79.1965,12.541758241758242,7.857142857142856,1074.6000000000001,972.1999999999999,79.80000000000001,1681.0,0 days 12:16:46.153846153,25.944505494505474,43.271153846153815,202.62637362637363,4979.9,828.92
2017,45.0076,-74.9746,12.770604395604398,3.6997252747252785,1397.4,1194.6999999999998,152.10999999999999,1705.0,0 days 12:17:36.593406593,16.65631868131868,39.56648351648349,202.81043956043956,4666.96,771.6600000000001
2017,42.281,-82.9351,15.26016483516483,7.644230769230763,947.5,881.6999999999999,51.589999999999996,1227.0,0 days 12:16:27.527472527,22.726648351648336,41.4442307692308,202.71978021978023,5298.93,983.96
2017,14.91,-23.544,,,0.0,0.0,0.0,0.0,0 days 12:10:32.142857142,,,,0.0,0.0
2017,-24.155,-69.825,28.075824175824142,14.944230769230781,23.000000000000004,23.000000000000004,0.0,30.0,0 days 12:08:27.692307692,16.878021978021973,37.090109890109915,275.6401098901099,8914.329999999998,1946.7799999999997
2017,-18.495,-70.12,17.227747252747243,8.353296703296701,955.0000000000001,955.0000000000001,0.0,1372.0,0 days 12:08:26.538461538,10.189560439560436,34.469780219780226,185.15384615384616,8509.58,1492.4
2017,-18.495,-70.12,17.227747252747243,8.353296703296701,955.0000000000001,955.0000000000001,0.0,1372.0,0 days 12:08:26.538461538,10.189560439560436,34.469780219780226,185.15384615384616,8509.58,1492.4
2017,-18.495,-70.12,17.227747252747243,8.353296703296701,955.0000000000001,955.0000000000001,0.0,1372.0,0 days 12:08:26.538461538,10.189560439560436,34.469780219780226,185.15384615384616,8509.58,1492.4
2017,-22.33,-69.52,31.104945054945066,15.911538461538457,10.399999999999999,10.399999999999999,0.0,29.0,0 days 12:08:24.560439560,14.615384615384613,31.139010989011,315.1868131868132,9236.05,2161.33
2017,-23.48,-69.419,26.095054945054965,11.898626373626374,29.9,29.9,0.0,48.0,0 days 12:08:25.219780219,19.540659340659335,39.11456043956043,241.84615384615384,9098.67,2018.2500000000002
2017,-23.48,-69.419,26.095054945054965,11.898626373626374,29.9,29.9,0.0,48.0,0 days 12:08:25.219780219,19.540659340659335,39.11456043956043,241.84615384615384,9098.67,2018.2500000000002
2017,-23.48,-69.419,26.095054945054965,11.898626373626374,29.9,29.9,0.0,48.0,0 days 12:08:25.219780219,19.540659340659335,39.11456043956043,241.84615384615384,9098.67,2018.2500000000002
2017,-26.3748,-70.0657,22.98241758241759,11.751923076923084,87.4,87.4,0.0,125.0,0 days 12:08:26.043956043,16.331043956043956,35.27912087912087,236.78296703296704,8982.52,1854.31
2017,-26.41,-69.37,11.796428571428573,1.294780219780218,282.5,116.79999999999998,118.37,469.0,0 days 12:08:27.362637362,15.207692307692303,48.24752747252751,208.15384615384616,9247.76,1473.3400000000001
2017,-22.444,-68.87,14.662912087912089,-2.3302197802197795,197.6,184.7,9.03,449.0,0 days 12:08:24.560439560,21.300000000000004,43.31181318681321,206.9368131868132,9119.080000000002,1643.4099999999999
2017,-22.45,-68.868,14.412637362637355,-2.575824175824177,197.6,184.7,9.03,449.0,0 days 12:08:23.901098901,21.300000000000004,43.31181318681321,206.9368131868132,9119.080000000002,1629.6599999999999
2017,-27.35,-70.395,22.728846153846153,11.306868131868127,72.19999999999999,72.19999999999999,0.0,108.0,0 days 12:08:27.692307692,13.907967032967035,33.828021978021994,224.3131868131868,8988.49,1741.26
2017,-27.005,-69.869,21.02939560439562,9.258516483516487,156.7,152.1,3.2199999999999998,206.0,0 days 12:08:27.197802197,14.06895604395606,37.06263736263737,220.67307692307693,9006.86,1717.12
2017,-27.005,-69.869,21.02939560439562,9.258516483516487,156.7,152.1,3.2199999999999998,206.0,0 days 12:08:27.197802197,14.06895604395606,37.06263736263737,220.67307692307693,9006.86,1717.12
2017,-27.005,-69.869,21.02939560439562,9.258516483516487,156.7,152.1,3.2199999999999998,206.0,0 days 12:08:27.197802197,14.06895604395606,37.06263736263737,220.67307692307693,9006.86,1717.12
2017,-22.782,-69.485,29.95824175824174,15.782142857142862,16.4,16.4,0.0,38.0,0 days 12:08:24.725274725,13.448076923076911,30.813186813186793,260.4340659340659,9267.21,2074.33
2017,-22.788,-69.472,29.908516483516472,15.73324175824175,16.4,16.4,0.0,38.0,0 days 12:08:26.373626373,13.448076923076911,30.813186813186793,260.4340659340659,9267.21,2071.98
2017,-25.45,-70.3,19.55934065934066,7.384890109890106,39.7,39.6,0.14,111.0,0 days 12:08:24.725274725,17.75027472527473,39.04010989010987,189.50824175824175,9184.25,1808.84
2017,-27.495,-70.381,21.7043956043956,10.784615384615387,22.4,22.4,0.0,56.0,0 days 12:08:26.208791208,13.193406593406598,32.51043956043957,252.36263736263737,8858.7,1580.8600000000001
2017,-22.22,-69.576,29.953846153846147,14.764835164835157,10.399999999999999,10.399999999999999,0.0,29.0,0 days 12:08:24.890109890,14.615384615384613,31.139010989011,315.1868131868132,9236.05,2119.19
2017,-26.371,-70.067,23.13324175824177,11.905494505494506,87.4,87.4,0.0,125.0,0 days 12:08:26.373626373,16.331043956043956,35.27912087912087,236.78296703296704,8982.52,1861.7499999999998
2017,-32.483,-71.246,21.118131868131865,9.5554945054945,385.4,378.29999999999995,4.97,496.0,0 days 12:08:35.769230769,8.012912087912087,29.65027472527473,229.25824175824175,7423.790000000001,1317.5100000000002
2017,-29.485,-71.21,20.566208791208798,13.679945054945058,177.0,177.0,0.0,144.0,0 days 12:08:32.307692307,11.339285714285726,30.370879120879117,238.90384615384616,7596.0199999999995,1262.52
2017,-29.112,-70.915,21.439560439560434,11.393681318681324,100.6,100.6,0.0,138.0,0 days 12:08:30.989010989,11.706043956043956,32.44175824175823,245.33516483516485,8379.86,1502.6799999999998
2017,-22.343,-69.523,30.95384615384615,15.764835164835162,10.399999999999999,10.399999999999999,0.0,29.0,0 days 12:08:25.054945054,14.615384615384613,31.139010989011,315.1868131868132,9236.05,2155.82
2017,-22.343,-69.523,30.95384615384615,15.764835164835162,10.399999999999999,10.399999999999999,0.0,29.0,0 days 12:08:25.054945054,14.615384615384613,31.139010989011,315.1868131868132,9236.05,2155.82
2017,-23.5,-69.75,24.623076923076923,10.214835164835169,46.4,46.4,0.0,86.0,0 days 12:08:24.395604395,19.155769230769245,41.03434065934062,218.48901098901098,9275.8,1993.3500000000001
2017,-22.576,-68.693,15.762912087912087,-1.2302197802197796,197.6,184.7,9.03,449.0,0 days 12:08:25.384615384,21.300000000000004,43.31181318681321,206.9368131868132,9119.080000000002,1694.1399999999999
2017,-22.581,-68.693,15.71263736263736,-1.2758241758241742,197.6,184.7,9.03,449.0,0 days 12:08:25.549450549,21.300000000000004,43.31181318681321,206.9368131868132,9119.080000000002,1691.62
2017,-25.1208,-70.311,20.6043956043956,11.42142857142858,53.9,53.9,0.0,125.0,0 days 12:08:26.373626373,12.059340659340673,35.90274725274726,140.1978021978022,9064.7,1825.54
2017,-27.1175,-70.1711,22.880494505494497,11.45961538461538,72.19999999999999,72.19999999999999,0.0,108.0,0 days 12:08:28.021978021,13.907967032967035,33.828021978021994,224.3131868131868,8988.49,1747.2000000000003
2017,-20.4532,-69.5376,22.956318681318688,11.970604395604395,69.9,69.9,0.0,239.0,0 days 12:08:25.054945054,17.130769230769236,34.51978021978023,198.97802197802199,8993.41,1941.48
2017,-20.456,-69.533,22.80686813186813,11.81648351648352,69.9,69.9,0.0,239.0,0 days 12:08:25.384615384,17.130769230769236,34.51978021978023,198.97802197802199,8993.41,1935.7600000000002
2017,-20.274,-69.754,27.507417582417595,14.542582417582432,17.8,17.8,0.0,77.0,0 days 12:08:25.549450549,16.63461538461538,32.34038461538462,246.90934065934067,8977.25,2033.03
2017,-25.114,-70.307,22.069505494505503,10.535439560439556,53.4,53.4,0.0,105.0,0 days 12:08:27.032967032,16.25384615384615,38.51456043956044,137.3131868131868,9218.919999999998,1939.5
2017,-22.555,-68.58,14.15027472527473,-0.9365384615384604,372.0,335.1,27.23,681.0,0 days 12:08:25.384615384,17.89972527472528,46.70137362637362,209.28296703296704,9186.300000000001,1607.42
2017,-22.555,-68.58,14.15027472527473,-0.9365384615384604,372.0,335.1,27.23,681.0,0 days 12:08:25.384615384,17.89972527472528,46.70137362637362,209.28296703296704,9186.300000000001,1607.42
2017,-24.002,-68.585,20.940109890109888,4.22362637362638,103.4,80.7,15.89,180.0,0 days 12:08:23.901098901,19.1065934065934,47.41263736263736,229.96978021978023,9405.18,1857.9199999999996
2017,-24.005,-68.575,20.79203296703299,4.076923076923072,103.4,80.7,15.89,180.0,0 days 12:08:25.549450549,19.1065934065934,47.41263736263736,229.96978021978023,9405.18,1850.36
2017,-27.855,-70.175,22.704945054945043,11.732417582417586,71.1,70.9,0.14,131.0,0 days 12:08:26.868131868,13.830219780219787,31.97747252747251,249.54395604395606,8667.76,1661.5699999999997
2017,-27.025,-69.894,21.129945054945036,9.371978021978013,156.7,152.1,3.2199999999999998,206.0,0 days 12:08:25.714285714,14.06895604395606,37.06263736263737,220.67307692307693,9006.86,1722.8899999999999
2017,-27.025,-69.894,21.129945054945036,9.371978021978013,156.7,152.1,3.2199999999999998,206.0,0 days 12:08:25.714285714,14.06895604395606,37.06263736263737,220.67307692307693,9006.86,1722.8899999999999
2017,-27.025,-69.894,21.129945054945036,9.371978021978013,156.7,152.1,3.2199999999999998,206.0,0 days 12:08:25.714285714,14.06895604395606,37.06263736263737,220.67307692307693,9006.86,1722.8899999999999
2017,-40.7719,-72.4875,14.860989010989014,7.609065934065933,2934.0,2817.3,81.9,3153.0,0 days 12:09:11.538461538,13.758241758241759,39.91840659340658,201.43956043956044,4885.76,759.6300000000001
2017,-34.336,-71.539,20.5804945054945,9.820604395604395,556.5999999999999,556.5999999999999,0.0,559.0,0 days 12:08:42.362637362,18.266483516483515,38.21758241758244,206.66483516483515,7229.63,1318.81
2017,-34.406,-71.666,19.934615384615395,10.378846153846148,525.1999999999999,525.1999999999999,0.0,543.0,0 days 12:08:42.692307692,17.855219780219773,37.269780219780195,200.97527472527472,7032.700000000001,1202.67
2017,-22.9296,-69.0955,23.470604395604422,9.782142857142858,39.5,38.099999999999994,0.98,81.0,0 days 12:08:23.406593406,21.958241758241737,41.99725274725272,188.70054945054946,9351.83,2151.7799999999997
2017,-20.2717,-69.7559,27.558516483516488,14.599450549450557,17.8,17.8,0.0,77.0,0 days 12:08:25.879120879,16.63461538461538,32.34038461538462,246.90934065934067,8977.25,2034.6100000000001
2017,-20.2517,-69.7588,26.760164835164858,13.071978021978019,2.8,2.8,0.0,11.0,0 days 12:08:25.549450549,15.117582417582403,31.079395604395607,264.5412087912088,8989.46,1893.2399999999998
2017,-26.3141,-69.8681,21.91593406593406,9.822802197802197,93.3,80.89999999999999,8.959999999999999,190.0,0 days 12:08:26.538461538,18.15302197802199,38.43021978021975,216.42857142857142,9093.18,1886.42
2017,-18.886,-70.113,1.0986263736263724,-8.260439560439563,37.8,37.8,0.0,123.0,0 days 12:08:25.549450549,11.154395604395615,30.79642857142855,253.4587912087912,8390.169999999998,782.5
2017,-25.511,-70.166,18.759340659340648,6.5848901098901065,39.7,39.6,0.14,111.0,0 days 12:08:25.219780219,17.75027472527473,39.04010989010987,189.50824175824175,9184.25,1771.0
2017,-25.536,-70.178,19.00906593406595,6.829945054945051,39.7,39.6,0.14,111.0,0 days 12:08:24.395604395,17.75027472527473,39.04010989010987,189.50824175824175,9184.25,1783.13
2017,-22.555,-68.755,13.210714285714275,-4.3521978021978,77.2,70.9,4.41,174.0,0 days 12:08:23.241758241,23.951648351648345,44.43736263736265,248.76098901098902,9197.98,1546.92
2017,-26.294,-69.628,18.562362637362636,8.15576923076923,139.9,117.3,16.31,281.0,0 days 12:08:26.868131868,16.52857142857143,39.803021978021974,207.5054945054945,9085.68,1756.61
2017,-20.268,-69.753,27.558516483516488,14.599450549450557,17.8,17.8,0.0,77.0,0 days 12:08:25.714285714,16.63461538461538,32.34038461538462,246.90934065934067,8977.25,2034.13
2017,-20.248,-69.747,26.710439560439557,13.023901098901103,2.8,2.8,0.0,11.0,0 days 12:08:26.043956043,15.117582417582403,31.079395604395607,264.5412087912088,8989.46,1889.8500000000001
2017,-22.53,-68.77,13.057967032967037,-4.498626373626375,77.2,70.9,4.41,174.0,0 days 12:08:23.901098901,23.951648351648345,44.43736263736265,248.76098901098902,9197.98,1539.2200000000003
2017,-33.104,-70.637,21.045604395604386,9.003846153846162,482.79999999999995,471.19999999999993,8.120000000000001,571.0,0 days 12:08:38.076923076,8.406868131868132,32.226373626373615,225.19230769230768,7435.27,1347.62
2017,-29.1172,-70.9134,21.489010989010985,11.446428571428571,100.6,100.6,0.0,138.0,0 days 12:08:30.659340659,11.706043956043956,32.44175824175823,245.33516483516485,8379.86,1503.95
2017,-30.2272,-71.0925,20.492032967032962,11.696703296703298,239.90000000000003,239.90000000000003,0.0,151.0,0 days 12:08:32.472527472,12.710439560439553,33.3629120879121,241.98076923076923,7825.57,1343.7600000000002
2017,-26.3796,-70.0194,22.35521978021978,11.13021978021978,126.79999999999998,124.0,1.96,170.0,0 days 12:08:26.043956043,15.817582417582422,35.92967032967034,222.32142857142858,9023.24,1840.8700000000001
2017,-26.3031,-70.2215,24.82609890109889,12.005494505494504,50.8,50.8,0.0,98.0,0 days 12:08:25.549450549,17.588461538461534,35.720054945054926,241.25824175824175,8977.57,1916.78
2017,-27.6284,-70.341,23.404945054945077,12.432417582417576,71.1,70.9,0.14,131.0,0 days 12:08:29.175824175,13.830219780219787,31.97747252747251,249.54395604395606,8667.76,1687.9
2017,-31.195,-71.0308,22.398076923076925,10.725000000000003,383.70000000000005,374.1,6.93,380.0,0 days 12:08:34.285714285,9.41895604395605,31.235989010989,198.82417582417582,8172.15,1551.06
2017,-31.1864,-71.0225,22.298076923076938,10.625000000000002,383.70000000000005,374.1,6.93,380.0,0 days 12:08:34.120879120,9.41895604395605,31.235989010989,198.82417582417582,8172.15,1549.29
2017,-27.2542,-70.1112,22.35714285714287,11.180219780219783,149.6,144.8,3.36,206.0,0 days 12:08:24.560439560,13.598901098901122,36.59093406593408,218.9010989010989,8952.57,1744.1599999999999
2017,-20.268,-69.425,21.906868131868123,10.916483516483515,69.9,69.9,0.0,239.0,0 days 12:08:25.054945054,17.130769230769236,34.51978021978023,198.97802197802199,8993.41,1895.6
2017,-26.27,-69.63,18.409340659340657,7.164010989010989,150.9,108.7,29.96,322.0,0 days 12:08:26.703296703,21.366758241758244,45.40796703296705,195.39285714285714,9244.93,1854.6799999999998
2017,-26.88,-69.505,14.695879120879132,3.764010989010991,241.2,136.8,73.78,385.0,0 days 12:08:26.373626373,13.190934065934057,41.30027472527472,204.58516483516485,9086.36,1517.2399999999998
2017,-26.235,-69.85,22.26208791208791,10.173901098901094,93.3,80.89999999999999,8.959999999999999,190.0,0 days 12:08:25.549450549,18.15302197802199,38.43021978021975,216.42857142857142,9093.18,1902.5800000000002
2017,-30.0484,-70.7702,18.367307692307687,8.999999999999993,315.5,260.7,38.64,586.0,0 days 12:08:30.329670329,8.440109890109888,35.863736263736264,202.18406593406593,8026.66,1386.06
2017,-33.094,-70.862,20.895329670329676,10.019780219780216,490.3,477.59999999999997,8.89,680.0,0 days 12:08:40.219780219,9.175274725274722,28.93159340659343,201.8543956043956,7520.07,1392.69
2017,-23.559,-70.214,24.69945054945057,12.102747252747257,18.0,18.0,0.0,31.0,0 days 12:08:24.560439560,17.231593406593408,36.39725274725275,262.86813186813185,8749.529999999999,1819.9100000000003
2017,-22.485,-68.845,12.157967032967031,-5.39862637362637,77.2,70.9,4.41,174.0,0 days 12:08:24.230769230,23.951648351648345,44.43736263736265,248.76098901098902,9197.98,1495.84
2017,-28.155,-70.685,20.265384615384622,11.930494505494503,51.1,51.1,0.0,62.0,0 days 12:08:29.835164835,14.674725274725287,30.494505494505493,242.97527472527472,8354.25,1381.58
2017,38.969,94.421,9.57032967032967,-4.203846153846157,95.89999999999999,76.10000000000001,20.79,335.0,0 days 12:15:21.923076923,15.093406593406593,31.26346153846155,232.98901098901098,7020.71,1102.67
2017,41.048,80.123,17.825824175824188,5.248626373626378,168.6,161.7,6.51,426.0,0 days 12:16:01.648351648,10.229120879120883,23.76483516483517,231.9532967032967,6291.91,1194.45
2017,41.045,80.106,17.77554945054947,5.199725274725278,168.6,161.7,6.51,426.0,0 days 12:16:00.329670329,10.229120879120883,23.76483516483517,231.9532967032967,6291.91,1192.94
2017,41.05,80.108,17.77554945054947,5.199725274725278,168.6,161.7,6.51,426.0,0 days 12:16:00.989010989,10.229120879120883,23.76483516483517,231.9532967032967,6291.91,1192.4299999999998
2017,41.052,80.11,17.77554945054947,5.199725274725278,168.6,161.7,6.51,426.0,0 days 12:16:00.989010989,10.229120879120883,23.76483516483517,231.9532967032967,6291.91,1192.4299999999998
2017,41.053,80.109,17.72582417582418,5.148626373626381,168.6,161.7,6.51,426.0,0 days 12:16:01.153846153,10.229120879120883,23.76483516483517,231.9532967032967,6291.91,1192.3000000000002
2017,41.051,80.1,17.72582417582418,5.148626373626381,168.6,161.7,6.51,426.0,0 days 12:15:58.516483516,10.229120879120883,23.76483516483517,231.9532967032967,6291.91,1191.83
2017,41.058,80.087,17.57554945054945,4.999725274725273,168.6,161.7,6.51,426.0,0 days 12:15:58.516483516,10.229120879120883,23.76483516483517,231.9532967032967,6291.91,1188.71
2017,41.042,80.12,17.875549450549446,5.299725274725272,168.6,161.7,6.51,426.0,0 days 12:16:01.483516483,10.229120879120883,23.76483516483517,231.9532967032967,6291.91,1194.77
2017,40.706,81.295,19.237362637362626,5.748076923076926,73.69999999999999,68.5,4.6899999999999995,193.0,0 days 12:15:55.384615384,14.70247252747252,27.456043956043935,153.6456043956044,6430.54,1427.45
2017,40.699,81.287,19.237362637362626,5.748076923076926,73.69999999999999,68.5,4.6899999999999995,193.0,0 days 12:15:54.230769230,14.70247252747252,27.456043956043935,153.6456043956044,6430.54,1427.24
2017,38.895,105.648,14.397252747252741,4.1807692307692275,209.8,179.10000000000002,22.82,339.0,0 days 12:15:20.604395604,18.70576923076923,34.768681318681345,191.8434065934066,6434.76,1379.47
2017,38.761,105.723,13.091208791208784,3.7063186813186837,285.90000000000003,249.70000000000002,27.09,517.0,0 days 12:15:16.978021978,11.252747252747252,33.71236263736269,181.47527472527472,6356.82,1132.01
2017,38.93,105.64,14.444505494505487,4.229120879120876,209.8,179.10000000000002,22.82,339.0,0 days 12:15:20.604395604,18.70576923076923,34.768681318681345,191.8434065934066,6434.76,1379.8400000000001
2017,37.679,105.079,17.210989010988996,4.59175824175824,186.1,167.1,13.86,371.0,0 days 12:14:56.538461538,21.798076923076938,36.97994505494507,197.52747252747253,6461.28,1483.81
2017,37.696,105.079,17.110989010989012,4.4917582417582445,186.1,167.1,13.86,371.0,0 days 12:14:57.032967032,21.798076923076938,36.97994505494507,197.52747252747253,6461.28,1480.32
2017,39.14,105.95,13.118681318681311,3.162087912087914,253.29999999999998,219.2,25.550000000000004,437.0,0 days 12:15:23.901098901,14.618131868131881,33.04835164835166,171.67307692307693,6396.47,1235.23
2017,39.099,105.895,13.551923076923071,3.6936813186813207,264.9,227.4,27.580000000000002,476.0,0 days 12:15:20.109890109,11.787637362637362,32.03846153846157,200.67307692307693,6340.4400000000005,1154.31
2017,38.56,105.648,15.966208791208793,4.554395604395601,167.9,146.5,15.610000000000001,338.0,0 days 12:15:12.527472527,21.759890109890097,37.329670329670314,194.9532967032967,6433.98,1435.01
2017,30.806,119.548,21.34835164835164,13.370329670329665,1205.1,1204.5,0.42,1546.0,0 days 12:13:09.230769230,12.989285714285712,31.7664835164835,159.8434065934066,5174.76,1007.72
2017,36.284,114.013,20.06043956043957,9.66840659340659,450.4,438.0,9.870000000000001,702.0,0 days 12:14:32.142857142,13.9489010989011,30.482142857142872,182.28296703296704,5739.92,1186.8200000000002
2017,45.21,119.909,9.05604395604395,-1.6491758241758216,343.2,334.0,9.8,443.0,0 days 12:17:39.395604395,22.118406593406593,48.9005494505495,259.99725274725273,5677.97,1020.1399999999999
2017,40.496,80.176,19.131318681318685,6.1510989010989,73.7,70.3,3.7800000000000002,189.0,0 days 12:15:52.912087912,14.075549450549447,26.756593406593407,114.01923076923077,6422.119999999999,1369.5900000000001
2017,40.501,80.165,19.131318681318685,6.1510989010989,73.7,70.3,3.7800000000000002,189.0,0 days 12:15:52.252747252,14.075549450549447,26.756593406593407,114.01923076923077,6422.119999999999,1369.8600000000001
2017,45.445,122.778,12.804670329670321,1.7851648351648326,290.2,286.9,4.62,364.0,0 days 12:17:44.835164835,19.695879120879116,37.34423076923078,225.17582417582418,5620.9400000000005,1187.33
2017,39.141,116.054,19.96978021978021,9.035439560439556,472.9,467.4,4.48,488.0,0 days 12:15:24.890109890,13.920329670329666,29.859615384615385,169.02747252747253,5781.1,1271.6799999999998
2017,39.146,116.0513,19.96978021978021,9.035439560439556,472.9,467.4,4.48,488.0,0 days 12:15:25.714285714,13.920329670329666,29.859615384615385,169.02747252747253,5781.1,1271.8600000000001
2017,35.694,114.112,19.13681318681318,9.573076923076927,443.29999999999995,428.6,10.920000000000002,776.0,0 days 12:14:22.252747252,12.404670329670335,32.04038461538458,155.9945054945055,5598.76,1132.1100000000001
2017,37.793,106.364,17.58241758241759,5.305769230769233,260.1,242.3,12.670000000000002,493.0,0 days 12:14:58.516483516,18.603571428571435,33.674175824175826,188.30769230769232,6344.0199999999995,1408.85
2017,37.798,106.378,17.216758241758235,5.404120879120882,290.9,265.4,18.34,518.0,0 days 12:14:59.505494505,20.268681318681313,34.73791208791205,189.07967032967034,6351.79,1431.1
2017,37.794,106.384,17.16675824175825,5.356593406593408,290.9,265.4,18.34,518.0,0 days 12:14:59.670329670,20.268681318681313,34.73791208791205,189.07967032967034,6351.79,1430.1100000000001
2017,40.197,107.036,15.853571428571428,3.283791208791212,140.6,119.5,15.47,246.0,0 days 12:15:43.186813186,22.312912087912103,37.12472527472531,186.32142857142858,6420.07,1515.3899999999999
2017,40.187,107.064,15.553571428571434,2.983791208791207,140.6,119.5,15.47,246.0,0 days 12:15:42.197802197,22.312912087912103,37.12472527472531,186.32142857142858,6420.07,1502.6599999999999
2017,40.185,107.036,15.753571428571421,3.1837912087912055,140.6,119.5,15.47,246.0,0 days 12:15:42.692307692,22.312912087912103,37.12472527472531,186.32142857142858,6420.07,1511.38
2017,33.318,119.583,20.670054945054954,12.409890109890119,1020.4000000000001,1015.7,3.71,988.0,0 days 12:13:43.351648351,15.223901098901106,31.77500000000002,151.34065934065933,5424.14,1083.4099999999999
2017,33.323,119.575,20.670054945054954,12.409890109890119,1020.4000000000001,1015.7,3.71,988.0,0 days 12:13:44.505494505,15.223901098901106,31.77500000000002,151.34065934065933,5424.14,1083.4099999999999
2017,33.32,119.583,20.670054945054954,12.409890109890119,1020.4000000000001,1015.7,3.71,988.0,0 days 12:13:43.681318681,15.223901098901106,31.77500000000002,151.34065934065933,5424.14,1083.4099999999999
2017,33.226,119.667,20.875,12.113736263736255,1042.8,1037.7,3.8499999999999996,981.0,0 days 12:13:43.021978021,15.364560439560444,32.49120879120879,151.66483516483515,5399.11,1096.08
2017,33.378,119.53,20.762362637362635,11.88791208791209,935.0,928.9999999999999,4.69,1001.0,0 days 12:13:45.824175824,15.023351648351646,31.923076923076884,150.3021978021978,5475.650000000001,1101.33
2017,40.82,120.04,17.23324175824176,5.811263736263734,444.0,432.0,9.59,505.0,0 days 12:15:56.538461538,15.837637362637372,37.88434065934065,229.97802197802199,5777.45,1197.96
2017,40.82,120.04,17.23324175824176,5.811263736263734,444.0,432.0,9.59,505.0,0 days 12:15:56.538461538,15.837637362637372,37.88434065934065,229.97802197802199,5777.45,1197.96
2017,34.373,120.072,18.78708791208792,12.700000000000005,918.8,913.9999999999999,3.71,854.0,0 days 12:13:59.175824175,19.287912087912083,33.57664835164834,155.83241758241758,5655.1900000000005,1107.66
2017,41.877,110.072,12.196428571428562,0.3997252747252734,215.3,179.8,27.790000000000006,421.0,0 days 12:16:20.109890109,23.135164835164826,41.972527472527474,231.59065934065933,6259.53,1315.29
2017,41.732,109.964,11.277472527472527,-0.18846153846153887,213.1,176.8,29.050000000000004,416.0,0 days 12:16:15.659340659,23.739010989010985,42.71840659340657,231.93956043956044,6290.280000000001,1292.2199999999998
2017,41.731,109.969,11.277472527472527,-0.18846153846153887,213.1,176.8,29.050000000000004,416.0,0 days 12:16:16.318681318,23.739010989010985,42.71840659340657,231.93956043956044,6290.280000000001,1292.5
2017,41.73,109.96,11.330494505494512,-0.14285714285713724,213.1,176.8,29.050000000000004,416.0,0 days 12:16:15.824175824,23.739010989010985,42.71840659340657,231.93956043956044,6290.280000000001,1293.22
2017,41.728,109.986,11.377472527472522,-0.08846153846153569,213.1,176.8,29.050000000000004,416.0,0 days 12:16:15.494505494,23.739010989010985,42.71840659340657,231.93956043956044,6290.280000000001,1294.7399999999998
2017,41.755,109.932,11.277472527472527,-0.18846153846153887,213.1,176.8,29.050000000000004,416.0,0 days 12:16:16.483516483,23.739010989010985,42.71840659340657,231.93956043956044,6290.280000000001,1291.0
2017,39.545,106.507,15.803021978021969,4.356043956043955,186.10000000000002,158.0,20.37,271.0,0 days 12:15:33.791208791,20.9475274725275,37.19065934065937,208.73076923076923,6478.3,1469.5
2017,41.059,107.0197,16.036813186813184,2.506868131868131,118.49999999999999,95.0,17.01,220.0,0 days 12:16:00.164835164,14.61675824175824,30.582692307692312,183.19230769230768,6359.840000000001,1301.79
2017,41.091,112.63,7.564285714285719,-3.3170329670329672,366.8,307.9,46.13,628.0,0 days 12:16:05.274725274,20.89010989010987,43.25000000000001,242.4835164835165,6103.43,1014.74
2017,41.093,112.615,7.312912087912092,-3.5961538461538467,370.70000000000005,311.1,46.2,651.0,0 days 12:16:01.978021978,20.530219780219785,42.90686813186813,234.77747252747253,6114.76,997.5999999999999
2017,41.098,112.601,7.358516483516487,-3.544230769230771,370.70000000000005,311.1,46.2,651.0,0 days 12:15:59.340659340,20.530219780219785,42.90686813186813,234.77747252747253,6114.76,997.81
2017,24.835,103.412,21.005494505494507,11.851923076923086,1190.2,1190.2,0.0,1910.0,0 days 12:11:59.010989010,17.182417582417603,36.72472527472529,170.7087912087912,5406.63,1139.74
2017,41.247,114.548,11.491208791208795,-0.054670329670328165,464.8,418.3,35.77,645.0,0 days 12:16:05.604395604,21.729120879120867,42.85989010989012,245.57967032967034,6034.82,1119.34
2017,33.215,119.734,20.875,12.113736263736255,1042.8,1037.7,3.8499999999999996,981.0,0 days 12:13:44.010989010,15.364560439560444,32.49120879120879,151.66483516483515,5399.11,1095.96
2017,42.081,111.06,13.364835164835158,1.8546703296703289,200.7,167.3,26.6,382.0,0 days 12:16:24.890109890,23.16043956043958,41.03543956043958,226.53846153846155,6242.7,1417.0500000000002
2017,34.123,120.299,19.821428571428587,12.321978021978014,926.6,921.7,3.8499999999999996,908.0,0 days 12:13:56.538461538,17.413461538461544,34.92857142857145,159.93956043956044,5645.92,1113.8600000000001
2017,41.745,86.922,15.339835164835135,7.378846153846156,75.7,69.4,5.18,173.0,0 days 12:16:16.813186813,14.661538461538447,22.550824175824182,150.32967032967034,6273.04,1245.22
2017,41.73,86.893,17.871978021978023,6.26318681318681,93.6,84.1,7.210000000000001,188.0,0 days 12:16:16.483516483,15.983241758241773,28.983791208791224,107.71153846153847,6502.1,1484.74
2017,41.744,86.907,18.171978021978035,6.5631868131868165,93.6,84.1,7.210000000000001,188.0,0 days 12:16:16.978021978,15.983241758241773,28.983791208791224,107.71153846153847,6502.1,1495.8600000000001
2017,37.03,79.775,18.485164835164827,7.272802197802207,119.5,101.9,16.66,234.0,0 days 12:14:42.527472527,14.051923076923066,30.4085164835165,169.17307692307693,6889.540000000001,1469.8700000000001
2017,37.021,79.779,18.332692307692312,7.121428571428568,119.5,101.9,16.66,234.0,0 days 12:14:43.681318681,14.051923076923066,30.4085164835165,169.17307692307693,6889.540000000001,1465.42
2017,37.03,79.778,18.485164835164827,7.272802197802207,119.5,101.9,16.66,234.0,0 days 12:14:42.857142857,14.051923076923066,30.4085164835165,169.17307692307693,6889.540000000001,1470.2800000000002
2017,38.11,102.27,14.717857142857136,1.9197802197802187,195.0,179.3,13.86,492.0,0 days 12:15:04.120879120,16.035714285714285,32.72445054945055,204.09615384615384,6491.92,1297.3400000000001
2017,37.18,95.309,13.106318681318683,-0.734340659340659,67.4,65.9,2.3800000000000003,164.0,0 days 12:14:45.989010989,21.21675824175825,35.65879120879118,228.3434065934066,7303.9,1482.16
2017,39.34,106.74,16.884890109890108,4.265109890109888,176.5,154.8,15.47,323.0,0 days 12:15:27.692307692,17.932967032967024,31.08846153846153,173.61263736263737,6368.429999999999,1386.37
2017,37.5,106.55,15.748351648351642,4.462362637362639,337.79999999999995,308.5,21.77,556.0,0 days 12:14:53.241758241,20.508241758241752,35.234065934065924,197.17857142857142,6343.07,1357.1
2017,46.3,90.038,11.152197802197803,-0.47829670329670343,145.7,118.99999999999999,22.049999999999997,291.0,0 days 12:18:10.054945054,20.197252747252737,33.99340659340659,196.21978021978023,6058.27,1216.59
2017,41.61,110.4,12.63543956043955,0.775549450549452,211.60000000000002,171.8,31.5,407.0,0 days 12:16:13.681318681,22.17912087912087,40.568406593406564,220.77472527472528,6282.490000000001,1304.0300000000002
2017,40.07,94.518,18.49313186813186,4.79972527472528,65.9,65.8,0.6300000000000001,117.0,0 days 12:15:41.373626373,19.94203296703296,34.765659340659354,163.69505494505495,6821.429999999999,1662.9599999999998
2017,40.11,94.478,18.543406593406573,4.851373626373629,65.9,65.8,0.6300000000000001,117.0,0 days 12:15:43.846153846,19.94203296703296,34.765659340659354,163.69505494505495,6821.429999999999,1665.6
2017,39.96,98.993,17.343131868131877,3.384615384615381,78.5,77.6,0.9800000000000001,175.0,0 days 12:15:35.769230769,19.62582417582418,35.28901098901096,176.73076923076923,6574.43,1520.02
2017,38.95,75.796,14.81950549450549,6.432417582417585,251.79999999999995,160.29999999999998,77.35000000000001,885.0,0 days 12:15:19.285714285,11.277472527472533,22.81456043956043,221.6456043956044,6645.530000000001,1283.56
2017,36.38,95.265,12.938186813186801,0.7384615384615393,79.0,73.3,7.000000000000001,216.0,0 days 12:14:33.626373626,19.795604395604407,37.25989010989013,219.5686813186813,7170.209999999999,1458.8400000000001
2017,37.54,78.249,18.09258241758242,7.460164835164833,106.30000000000001,101.0,6.58,248.0,0 days 12:14:56.373626373,16.810714285714297,29.310439560439516,210.17032967032966,6863.280000000001,1558.9900000000002
2017,42.97,89.999,19.705494505494496,8.129670329670331,35.2,34.4,1.19,101.0,0 days 12:16:44.010989010,14.628296703296696,26.54862637362638,151.17032967032966,6433.53,1520.21
2017,39.111,106.54,16.96153846153847,4.567857142857141,198.0,176.8,15.120000000000001,355.0,0 days 12:15:25.054945054,15.062362637362632,28.151098901098912,161.28846153846155,6332.68,1310.02
2017,38.862,114.613,18.575000000000006,8.167307692307693,541.6,536.4,3.99,590.0,0 days 12:15:18.131868131,10.869230769230763,26.62252747252748,190.45054945054946,5747.72,1118.26
2017,37.386,105.476,17.09642857142858,4.78653846153846,225.39999999999998,210.7,10.57,418.0,0 days 12:14:50.604395604,19.57719780219779,35.21428571428571,200.86263736263737,6336.259999999999,1409.52
2017,30.608,114.419,21.713186813186788,15.087087912087906,1314.2,1313.7,0.35,1493.0,0 days 12:13:08.241758241,13.818956043956037,27.497802197802216,141.1153846153846,5015.62,999.2
2017,40.803,113.09,12.133516483516459,-0.2964285714285723,367.4,326.2,31.78,631.0,0 days 12:15:55.714285714,18.530769230769234,38.7815934065934,236.13736263736263,6022.84,1098.38
2017,40.801,113.071,11.882417582417592,-0.5412087912087926,367.4,326.2,31.78,631.0,0 days 12:15:55.054945054,18.530769230769234,38.7815934065934,236.13736263736263,6022.84,1089.22
2017,46.245,125.006,10.454670329670332,0.219230769230767,458.09999999999997,442.09999999999997,13.439999999999998,527.0,0 days 12:18:08.406593406,19.58186813186814,36.940109890109895,226.37087912087912,5494.56,1022.44
2017,32.135,117.061,21.009065934065948,12.968681318681318,1121.4,1115.6,4.130000000000001,1175.0,0 days 12:13:27.362637362,13.851098901098885,29.070329670329695,149.66758241758242,5351.5,1067.3200000000002
2017,32.275,117.095,21.109065934065917,13.064835164835157,1121.4,1115.6,4.130000000000001,1175.0,0 days 12:13:28.021978021,13.851098901098885,29.070329670329695,149.66758241758242,5351.5,1068.6999999999998
2017,32.256,117.152,21.15824175824175,12.987087912087897,1140.0,1135.2,3.36,1181.0,0 days 12:13:29.670329670,14.129395604395615,29.87554945054942,151.87912087912088,5357.77,1079.6799999999998
2017,43.895,89.43,13.355219780219787,2.4453296703296665,174.8,143.3,23.870000000000005,360.0,0 days 12:17:07.252747252,20.8793956043956,33.74670329670327,206.34615384615384,6024.720000000001,1338.5700000000002
2017,43.826,89.828,12.344780219780228,1.265934065934065,253.4,201.2,39.2,436.0,0 days 12:17:04.450549450,16.582142857142845,29.523626373626385,194.02747252747253,6093.07,1190.15
2017,44.015,88.977,13.722802197802194,3.4217032967032988,229.7,191.10000000000002,28.49,453.0,0 days 12:17:09.065934065,13.660164835164826,26.288736263736265,222.30494505494505,5775.639999999999,1125.73
2017,31.519,119.463,21.28956043956044,13.750274725274723,1028.4,1028.0,0.28,1429.0,0 days 12:13:18.956043956,14.523076923076914,30.87225274725274,153.32417582417582,5150.74,1027.6100000000001
2017,44.615,123.525,12.886538461538455,2.1387362637362655,428.79999999999995,422.5,6.4399999999999995,430.0,0 days 12:17:23.571428571,20.52554945054945,38.76153846153848,223.3598901098901,5780.83,1169.0100000000002
2017,44.134,123.398,13.100549450549446,2.3079670329670345,402.29999999999995,395.70000000000005,6.370000000000001,442.0,0 days 12:17:13.186813186,20.667307692307695,38.9925824175824,223.65384615384616,5790.290000000001,1174.18
2017,44.197,123.97,12.674999999999995,2.1447802197802206,407.5,397.6,8.4,466.0,0 days 12:17:13.021978021,21.278021978021965,40.09890109890112,221.42307692307693,5740.75,1147.46
2017,40.185,96.926,14.871153846153824,1.8464285714285733,82.2,78.3,3.9899999999999998,198.0,0 days 12:15:44.010989010,23.02252747252746,41.30879120879118,173.52197802197801,6659.99,1505.37
2017,31.5587,120.8236,21.630494505494507,13.946978021978017,917.8,917.8,0.0,1342.0,0 days 12:13:20.769230769,15.82857142857142,33.436538461538476,152.0467032967033,5171.08,1088.37
2017,30.916,119.927,20.701098901098884,15.519230769230784,1146.6000000000001,1146.6000000000001,0.0,1501.0,0 days 12:13:10.714285714,15.923901098901093,30.324175824175793,158.64285714285714,5192.91,1017.46
2017,30.91,119.925,20.701098901098884,15.519230769230784,1146.6000000000001,1146.6000000000001,0.0,1501.0,0 days 12:13:10.714285714,15.923901098901093,30.324175824175793,158.64285714285714,5192.91,1017.27
2017,30.949,119.851,21.605219780219795,13.61868131868132,1205.1,1204.5,0.42,1546.0,0 days 12:13:12.692307692,12.989285714285712,31.7664835164835,159.8434065934066,5174.76,1014.56
2017,30.914,119.582,21.537362637362637,13.531868131868123,1151.4,1150.3000000000002,0.8400000000000001,1587.0,0 days 12:13:12.857142857,12.855219780219786,31.197527472527437,159.09065934065933,5120.219999999999,1007.01
2017,30.891,119.561,21.537362637362637,13.531868131868123,1151.4,1150.3000000000002,0.8400000000000001,1587.0,0 days 12:13:12.197802197,12.855219780219786,31.197527472527437,159.09065934065933,5120.219999999999,1006.71
2017,41.445,106.987,11.133241758241757,0.28763736263736056,162.90000000000003,114.9,36.470000000000006,315.0,0 days 12:16:09.395604395,23.67500000000001,41.97197802197804,218.9587912087912,6461.59,1322.52
2017,31.312,117.589,21.452747252747255,14.025824175824177,1345.5000000000002,1344.8000000000002,0.49000000000000005,1517.0,0 days 12:13:15,14.149450549450554,30.32527472527474,148.25274725274724,5131.360000000001,1020.5899999999999
2017,31.319,117.539,21.15274725274728,13.725824175824176,1345.5000000000002,1344.8000000000002,0.49000000000000005,1517.0,0 days 12:13:16.813186813,14.149450549450554,30.32527472527474,148.25274725274724,5131.360000000001,1013.05
2017,31.816,117.832,20.3934065934066,13.191758241758228,1232.4,1231.6,0.56,1300.0,0 days 12:13:23.406593406,14.779395604395607,30.58406593406594,146.46153846153845,5243.07,1019.51
