Unnamed: 0,country,capacity_mw,lat,lon,primary_fuel,Solar Generation (2017),province
20135,ESP,877.6600000000002,43.5528,-5.7231,Coal,4003.64,Asturias
20136,ESP,758.74,39.9427,-3.8548,Gas,1798.46,Toledo
20137,ESP,15.0,41.5485,0.8245,Waste,5.22,Lleida
20138,ESP,18.0,41.8559,-1.9224,Wind,50.55,Soria
20139,ESP,16.334,41.8559,-1.9224,Waste,5.68,Soria
20140,ESP,20.0,37.6167,-4.3225,Biomass,,Cordoba
20141,ESP,360.6,43.0952,-4.0004,Hydro,106.66,Cantabria
20142,ESP,67.6,42.4333,-8.1443,Hydro,134.55,Pontevedra
20143,ESP,533.8,39.8106,3.0913,Coal,2435.05,Illes Balears
20144,ESP,1226.43,41.2117,-6.6856,Hydro,3147.47,Salamanca
20145,ESP,46.5,41.4206,-2.3319,Wind,117.78,Soria
20146,ESP,11.05,41.5406,-1.7166,Wind,23.5,Zaragoza
20147,ESP,786.42,43.2347,-2.7497,Gas,1864.07,Vizcaya
20148,ESP,11.05,42.9362,-4.3083,Wind,23.5,Cantabria
20149,ESP,18.0,42.0357,-6.9054,Wind,43.8,Ourense
20150,ESP,13.5,41.7389,-2.1697,Wind,37.91,Soria
20151,ESP,149.7,37.2281,-3.0511,Solar,316.09,Granada
20152,ESP,346.84,42.8385,-6.5332,Coal,1582.19,Asturias
20153,ESP,56.040000000000006,43.4486,-6.7053,Hydro,88.11,Asturias
20154,ESP,1585.39,36.6721,-5.8164,Gas,3757.89,Cadiz
20155,ESP,43.2,28.0996,-16.680999999999997,Oil,90.0,Santa Cruz de Tenerife
20156,ESP,784.7,42.4194,-2.2511,Gas,1859.99,La Rioja
20157,ESP,67.52,41.798,1.9543,Hydro,85.3,Barcelona
20158,ESP,1990.5,41.2008,0.5679,Nuclear,15902.24,Tarragona
20159,ESP,99.8,39.171,-3.2666,Solar,208.0,Ciudad Real
20160,ESP,49.9,38.812,-7.0587,Solar,100.41,Badajoz
20161,ESP,17.762999999999998,40.0667,-0.2,Gas,42.1,Castellon/Castello
20162,ESP,198.01,39.7799,-5.0876,Hydro,212.59,Toledo
20163,ESP,5.2,38.898,-4.3660000000000005,Solar,10.13,Ciudad Real
20164,ESP,23.0,39.2226,-5.7853,Solar,48.43,Badajoz
20165,ESP,8.8,42.006,-1.692,Solar,15.25,Zaragoza
20166,ESP,6.0,28.163,-16.468,Solar,13.85,Santa Cruz de Tenerife
20167,ESP,5.2,38.6057,-0.6586,Solar,11.66,Alicante/Alacant
20168,ESP,11.3,38.328,-6.688,Solar,25.67,Badajoz
20169,ESP,8.5,38.8064,-6.2832,Solar,16.15,Badajoz
20170,ESP,10.0,39.044000000000004,-1.976,Solar,19.5,Albacete
20171,ESP,10.0,39.0465,-1.7941,Solar,19.47,Albacete
20172,ESP,7.2,37.571,-4.093,Solar,15.44,Cordoba
20173,ESP,9.3,37.92,-4.673,Solar,19.71,Cordoba
20174,ESP,10.0,38.523,-7.06,Solar,20.69,Badajoz
20175,ESP,7.3,38.365,-6.4549,Solar,14.45,Badajoz
20176,ESP,7.2,38.3773,-6.4587,Solar,14.27,Badajoz
20177,ESP,6.2,38.817,-6.749,Solar,12.26,Badajoz
20178,ESP,10.6,38.906,-0.509,Solar,24.56,Alicante/Alacant
20179,ESP,5.6,37.603,-5.104,Solar,11.52,Cordoba
20180,ESP,6.3,37.8483,-1.3416,Solar,13.7,Murcia
20181,ESP,8.3,38.8443,-1.0498,Solar,15.62,Valencia/Val�ncia
20182,ESP,22.1,39.83,-5.66,Solar,46.38,Caceres
20183,ESP,10.0,38.7288,-4.21,Solar,20.71,Ciudad Real
20184,ESP,9.6,37.838,-4.9719999999999995,Solar,19.24,Cordoba
20185,ESP,9.6,37.836999999999996,-4.98,Solar,19.24,Cordoba
20186,ESP,5.6,41.418,-1.2969,Solar,10.17,Zaragoza
20187,ESP,5.7,38.8081,-6.8254,Solar,11.41,Badajoz
20188,ESP,8.8,42.495,-2.31,Solar,14.54,La Rioja
20189,ESP,7.3,37.09,-4.433,Solar,15.45,Malaga
20190,ESP,49.9,36.663000000000004,-5.827999999999999,Solar,129.19,Cadiz
20191,ESP,50.0,37.122,-5.567,Solar,118.04,Sevilla
20192,ESP,7.1,42.1859,-1.6073,Solar,12.48,Navarra
20193,ESP,6.6,28.158,-16.4644,Solar,15.25,Santa Cruz de Tenerife
20194,ESP,30.0,42.277,-2.044,Solar,52.41,Navarra
20195,ESP,50.0,39.172,-3.2769999999999997,Solar,107.05,Ciudad Real
20196,ESP,4.0,41.198,-4.8322,Solar,6.54,Valladolid
20197,ESP,5.7,40.214,-0.1853,Solar,12.33,Castellon/Castello
20198,ESP,8.0,38.7462,-5.5308,Solar,15.88,Badajoz
20199,ESP,731.0,36.1829,-5.3905,Gas,1732.71,Ceuta
20200,ESP,82.7,43.1,-2.75,Hydro,175.15,Vizcaya
20201,ESP,61.15,43.1258,-4.0566,Hydro,59.6,Cantabria
20202,ESP,15.88,42.7333,0.7167,Hydro,32.12,Lleida
20203,ESP,646.26,27.8045,-15.4387,Oil,1346.49,Las Palmas
20204,ESP,331.01,42.6263,-7.7135,Hydro,369.5,Ourense
20205,ESP,14.86,37.8333,-5.2333,Hydro,28.3,Cordoba
20206,ESP,14.91,39.7167,-1.1,Hydro,25.03,Valencia/Val�ncia
20207,ESP,1670.81,41.4196,2.2294,Gas,3960.37,Barcelona
20208,ESP,61.4,42.629,-0.3214,Hydro,120.42,Huesca
20209,ESP,24.6,42.65,-8.9,Oil,51.25,Pontevedra
20210,ESP,27.94,40.419000000000004,-2.9226,Hydro,61.97,Guadalajara
20211,ESP,215.0,40.364000000000004,-2.8289,Hydro,149.69,Guadalajara
20212,ESP,54.45,40.3664,-2.7565,Hydro,67.2,Guadalajara
20213,ESP,61.95,40.4153,-4.5016,Hydro,67.67,avila
20214,ESP,10.1,42.271,-1.666,Solar,16.06,Navarra
20215,ESP,5.2,39.919000000000004,-4.117,Solar,10.43,Toledo
20216,ESP,10.9,38.2812,-5.239,Solar,22.66,Cordoba
20217,ESP,10.6,36.9268,-2.4758,Solar,26.83,Almeria
20218,ESP,20.0,38.72,-0.727,Solar,47.34,Alicante/Alacant
20219,ESP,7.0,38.2216,-1.3163,Solar,15.37,Murcia
20220,ESP,5.7,38.8816,-1.33,Solar,11.64,Albacete
20221,ESP,5.0,38.052,-1.6869999999999998,Solar,11.07,Murcia
20222,ESP,10.0,42.8878,-8.9567,Hydro,15.12,A Coruna
20223,ESP,15.89,39.55,-2.0833,Hydro,26.41,Cuenca
20224,ESP,70.17,39.25,-0.7667,Hydro,83.01,Valencia/Val�ncia
20225,ESP,24.774,41.9753,1.2561,Hydro,44.49,Lleida
20226,ESP,20.215999999999998,42.6563,-5.1753,Hydro,28.12,Leon
20227,ESP,32.48,42.5046,0.8006,Hydro,71.77,Lleida
20228,ESP,58.65000000000001,41.8749,0.8781,Hydro,95.67,Lleida
20229,ESP,780.6600000000002,36.1834,-5.3933,Gas,1850.42,Ceuta
20230,ESP,15.2,43.3514,-5.1292,Hydro,22.89,Asturias
20231,ESP,18.7,39.85,-0.75,Wind,43.6,Valencia/Val�ncia
20232,ESP,153.94,28.3548,-16.3727,Oil,320.73,Santa Cruz de Tenerife
20233,ESP,107.4,41.9763,0.6116,Hydro,229.63,Lleida
20234,ESP,1248.82,37.5732,-0.9392,Gas,2960.11,Murcia
20235,ESP,429.0,39.5672,2.6895,Gas,1016.87,Illes Balears
20236,ESP,49.9,39.2939,-5.2168,Solar,110.13,Caceres
20237,ESP,797.41,42.1718,-1.6773,Gas,1890.12,Navarra
20238,ESP,782.0,39.9592,-0.001,Gas,1853.59,Castellon/Castello
20239,ESP,80.73,39.888000000000005,-4.4539,Hydro,114.69,Toledo
20240,ESP,135.59,42.2917,-8.1136,Hydro,209.11,Ourense
20241,ESP,195.29,41.5756,-6.1891,Hydro,246.51,Zamora
20242,ESP,820.5360000000001,36.1829,-5.3905,Gas,1944.94,Ceuta
20243,ESP,1232.19,39.6426,-0.2344,Gas,2920.69,Valencia/Val�ncia
20244,ESP,495.18,39.6643,-7.5332,Hydro,742.25,Caceres
20245,ESP,20.4,42.6758,-1.2395,Hydro,27.71,Navarra
20246,ESP,49.9,38.7291,-0.9219,Solar,119.43,Alicante/Alacant
20247,ESP,49.9,37.7574,-5.062,Solar,102.69,Cordoba
20248,ESP,33.32,42.0208,-6.417000000000001,Hydro,26.21,Zamora
20249,ESP,48.7,35.89,-5.35,Oil,101.46,Ceuta
20250,ESP,11.5,35.89,-5.35,Oil,23.96,Ceuta
20251,ESP,13.56,41.6333,0.9,Oil,28.25,Lleida
20252,ESP,790.68,41.2167,-0.2928,Gas,1874.17,Teruel
20253,ESP,50.4,39.3711,-5.0166,Hydro,57.02,Toledo
20254,ESP,51.7,39.3711,-5.0166,Hydro,58.49,Toledo
20255,ESP,2016.9,39.806999999999995,-5.6986,Nuclear,16113.15,Caceres
20256,ESP,1063.94,39.2134,-1.0509,Nuclear,8499.89,Valencia/Val�ncia
20257,ESP,120.54,39.2167,-1.05,Hydro,111.56,Valencia/Val�ncia
20258,ESP,48.8,36.7334,-3.5413,Gas,115.67,Granada
20259,ESP,24.0,43.5354,-6.7193,Gas,56.88,Asturias
20260,ESP,40.83,38.6871,-4.1073,Oil,85.06,Ciudad Real
20261,ESP,12.68,38.8167,-0.6167,Gas,30.05,Alicante/Alacant
20262,ESP,1005.14,42.6125,-6.5647,Coal,4585.17,Leon
20263,ESP,268.02,42.1142,-7.209,Hydro,92.93,Ourense
20264,ESP,49.9,39.0212,-5.5333,Solar,100.23,Badajoz
20265,ESP,13.99,39.5333,-1.6,Hydro,26.64,Albacete
20266,ESP,49.2,42.6469,-6.3204,Wind,123.7,Leon
20267,ESP,130.66,42.4496,-6.9476,Hydro,166.49,Lugo
20268,ESP,14.071,40.0667,-0.2,Gas,33.35,Castellon/Castello
20269,ESP,390.94,37.2156,-6.943,Gas,926.65,Huelva
20270,ESP,537.28,37.5645,-0.9513,Oil,1119.42,Murcia
20271,ESP,485.85,42.8261,-4.8463,Coal,2216.31,Palencia
20272,ESP,347.7,43.3082,-5.7001,Coal,1586.11,Asturias
20273,ESP,897.02,43.34,-3.0539,Oil,1868.95,Vizcaya
20274,ESP,855.67,43.4451,-7.8621,Gas,2028.21,Lugo
20275,ESP,424.91,42.1718,-1.6773,Gas,1007.17,Navarra
20276,ESP,839.35,39.9592,-0.001,Gas,1989.53,Castellon/Castello
20277,ESP,274.635,41.2977,-0.3376,Gas,650.97,Teruel
20278,ESP,815.64,37.5732,-0.9392,Gas,1933.33,Murcia
20279,ESP,819.03,40.9596,0.8692,Gas,1941.37,Tarragona
20280,ESP,391.31,43.32899999999999,-8.503,Gas,927.53,A Coruna
20281,ESP,854.1700000000002,43.3161,-5.8777,Gas,2024.66,Asturias
20282,ESP,20.0,38.26,-1.682,Solar,43.7,Murcia
20283,ESP,21.2,39.332,-2.525,Solar,44.32,Cuenca
20284,ESP,10.0,38.7071,-3.72,Solar,18.83,Ciudad Real
20285,ESP,8.0,38.821999999999996,-7.005,Solar,15.81,Badajoz
20286,ESP,4.8,39.211999999999996,-5.7803,Solar,10.3,Badajoz
20287,ESP,5.6,39.0105,-1.8949,Solar,11.06,Albacete
20288,ESP,5.7,37.589,-5.816,Solar,11.42,Sevilla
20289,ESP,6.1,37.5189,-5.6592,Solar,12.59,Sevilla
20290,ESP,7.1,37.8094,-1.0631,Solar,14.9,Murcia
20291,ESP,5.1,39.2714,-1.4687,Solar,10.25,Albacete
20292,ESP,7.0,39.1159,-5.3349,Solar,13.84,Badajoz
20293,ESP,28.0,39.275,-2.4095,Solar,57.2,Albacete
20294,ESP,11.3,39.883,-5.667000000000001,Solar,23.8,Caceres
20295,ESP,5.2,42.1517,-1.6556,Solar,9.13,Navarra
20296,ESP,6.0,41.2199,-0.3017,Solar,11.87,Teruel
20297,ESP,5.4,38.7271,-5.5158,Solar,10.86,Badajoz
20298,ESP,23.11,38.7288,-2.005,Hydro,50.25,Albacete
20299,ESP,5.9,38.2584,-1.4568,Solar,11.72,Murcia
20300,ESP,10.9,42.1194,-1.7154,Solar,20.28,Navarra
20301,ESP,10.0,37.641,-4.584,Solar,20.26,Cordoba
20302,ESP,10.7,39.4628,-6.3061,Solar,22.68,Caceres
20303,ESP,61.94,43.3891,-6.8232,Hydro,97.39,Lugo
20304,ESP,12.56,36.9402,-3.361,Hydro,23.65,Granada
20305,ESP,5.0,38.9932,-3.5714,Solar,9.98,Ciudad Real
20306,ESP,5.9,37.3341,-3.2508,Solar,12.88,Granada
20307,ESP,5.9,37.3488,-3.2707,Solar,12.92,Granada
20308,ESP,15.2,39.8942,-5.3246,Solar,32.94,Caceres
20309,ESP,175.0,37.228,-5.867000000000001,Solar,393.82,Sevilla
20310,ESP,31.8,39.6564,-2.8,Solar,65.66,Cuenca
20311,ESP,21.666,37.6051,-0.9862,Gas,51.35,Murcia
20312,ESP,15.18,41.0845,-3.8599,Wind,32.28,Segovia
20313,ESP,24.75,38.4545,-1.214,Wind,52.63,Murcia
20314,ESP,30.0,40.3167,-5.9167,Wind,63.8,Salamanca
20315,ESP,12.0,38.9667,-1.2167,Wind,25.52,Albacete
20316,ESP,18.0,41.3268,-3.3144,Wind,41.94,Segovia
20317,ESP,44.0,42.6487,-3.5904,Wind,93.57,Burgos
20318,ESP,24.0,42.4098,-3.7632,Wind,58.66,Burgos
20319,ESP,14.0,42.3764,-0.0026,Hydro,26.63,Huesca
20320,ESP,17.25,41.778999999999996,-1.9839,Wind,32.09,Soria
20321,ESP,26.62,42.4167,-8.6667,Gas,63.09,Pontevedra
20322,ESP,50.0,37.2583,-6.9508,Gas,118.51,Huelva
20323,ESP,16.0,39.2379,-3.4233,Oil,33.33,Ciudad Real
20324,ESP,13.18,43.213,-8.691,Oil,27.46,A Coruna
20325,ESP,40.8,40.5175,-2.7925,Hydro,80.09,Guadalajara
20326,ESP,87.6,42.5899,0.4927,Hydro,118.43,Huesca
20327,ESP,35.85,42.3161,0.7463,Hydro,75.91,Lleida
20328,ESP,804.36,41.2977,-0.3376,Gas,1906.59,Teruel
20329,ESP,65.0,41.2961,-0.3376,Coal,296.51,Teruel
20330,ESP,1199.25,7.5732,-0.9392,Gas,2842.61,Las Palmas
20331,ESP,54.4,43.427,-8.0671,Hydro,101.81,A Coruna
20332,ESP,149.8,38.64,-6.744,Solar,329.35,Badajoz
20333,ESP,9.0,28.177,-16.445,Solar,20.82,Santa Cruz de Tenerife
20334,ESP,20.0,38.916,-2.55,Solar,42.98,Albacete
20335,ESP,50.0,39.87,-4.475,Solar,107.3,Toledo
20336,ESP,16.6,37.0939,-5.6265,Solar,37.2,Sevilla
20337,ESP,10.1,37.0973,-5.6343,Solar,18.01,Sevilla
20338,ESP,10.2,37.0983,-5.6223,Solar,18.19,Sevilla
20339,ESP,20.0,36.84,-6.058,Solar,49.61,Cadiz
20340,ESP,4.7,37.2729,-7.3672,Solar,10.0,Huelva
20341,ESP,13.2,38.1995,-0.8,Solar,30.11,Alicante/Alacant
20342,ESP,11.5,38.8952,-6.26,Solar,24.36,Badajoz
20343,ESP,7.0,39.4194,-2.9897,Solar,13.27,Cuenca
20344,ESP,4.7,38.2813,-1.51,Solar,9.7,Murcia
20345,ESP,10.0,38.8459,-6.43,Solar,18.88,Badajoz
20346,ESP,10.0,40.8436,-1.8876,Gas,23.7,Guadalajara
20347,ESP,23.96,42.8805,-8.5457,Gas,56.79,A Coruna
20348,ESP,52.52,41.2331,0.5472,Hydro,98.38,Tarragona
20349,ESP,24.8,43.4604,-8.2551,Oil,51.67,A Coruna
20350,ESP,160.61,42.1538,-8.1933,Hydro,275.97,Pontevedra
20351,ESP,75.0,37.7,-1.1,Waste,26.12,Murcia
20352,ESP,9.0,28.1564,-16.4852,Solar,20.82,Santa Cruz de Tenerife
20353,ESP,8.8,41.99,-1.5659999999999998,Solar,15.32,Zaragoza
20354,ESP,10.0,40.9178,-4.97,Solar,17.15,avila
20355,ESP,9.9,42.4704,-2.6076,Solar,16.12,La Rioja
20356,ESP,6.1,37.7539,-5.0429,Solar,12.21,Cordoba
20357,ESP,27.9,37.685,-1.1740000000000002,Solar,67.61,Murcia
20358,ESP,14.8,37.685,-1.1740000000000002,Solar,35.46,Murcia
20359,ESP,8.9,37.684,-1.179,Solar,18.27,Murcia
20360,ESP,10.4,37.69,-1.162,Solar,23.74,Murcia
20361,ESP,4.5,42.063,-4.498,Solar,6.97,Palencia
20362,ESP,5.4,42.0309,-1.4775,Solar,9.48,Zaragoza
20363,ESP,110.4,40.2211,-6.132999999999999,Hydro,145.05,Caceres
20364,ESP,14.95,0.7046,42.8025,Gas,35.43,Illes Balears
20365,ESP,12.0,43.3048,-8.5075,Gas,28.44,A Coruna
20366,ESP,27.2,39.876999999999995,-0.0558,Wind,72.96,Castellon/Castello
20367,ESP,25.71,39.876999999999995,-0.0558,Hydro,62.84,Castellon/Castello
20368,ESP,693.34,28.0863,-16.4939,Oil,1444.58,Santa Cruz de Tenerife
20369,ESP,74.80000000000003,39.5694,2.6502,Waste,26.05,Illes Balears
20370,ESP,15.2,38.3119,-3.0422,Hydro,25.75,Jaen
20371,ESP,13.5,42.2793,-1.7463,Gas,31.99,Navarra
20372,ESP,43.1,28.2115,-16.7795,Oil,89.79,Santa Cruz de Tenerife
20373,ESP,52.21,40.1935,-6.1634,Hydro,65.69,Caceres
20374,ESP,207.99,37.641,-6.0724,Hydro,152.89,Sevilla
20375,ESP,19.9,37.562,-5.332000000000001,Solar,45.48,Sevilla
20376,ESP,11.8,41.755,-1.175,Solar,22.66,Zaragoza
20377,ESP,5.0,38.803000000000004,-6.83,Solar,10.04,Badajoz
20378,ESP,12.3,36.195,-5.416,Solar,31.86,Ceuta
20379,ESP,31.45,42.0357,-6.9054,Wind,74.73,Ourense
20380,ESP,99.8,39.2385,-3.4749,Solar,201.27,Ciudad Real
20381,ESP,14.94,42.8561,-7.1636,Waste,5.2,Lugo
20382,ESP,40.8,38.8299,-3.5781,Wind,86.76,Ciudad Real
20383,ESP,8.0,38.5891,-1.7906,Solar,16.31,Albacete
20384,ESP,5.5,37.685,-1.5330000000000001,Solar,11.5,Murcia
20385,ESP,9.5,37.268,-6.417000000000001,Solar,16.93,Huelva
20386,ESP,12.0,38.474000000000004,-6.232,Solar,25.62,Badajoz
20387,ESP,20.0,38.364000000000004,-1.2770000000000001,Solar,42.68,Murcia
20388,ESP,88.85,42.7163,-0.5256,Hydro,186.1,Huesca
20389,ESP,76.71000000000002,37.2667,-4.4143,Hydro,106.26,Malaga
20390,ESP,50.0,38.645,-3.9730000000000003,Solar,112.46,Ciudad Real
20391,ESP,5.0,39.438,-1.709,Solar,10.08,Albacete
20392,ESP,8.4,37.1488,-6.1452,Solar,15.86,Sevilla
20393,ESP,234.46000000000004,28.0424,-15.4114,Oil,488.5,Las Palmas
20394,ESP,953.32,39.2438,-0.9317,Hydro,1076.51,Valencia/Val�ncia
20395,ESP,5.6,36.7076,-6.2309,Solar,12.47,Cadiz
20396,ESP,7.0,38.9287,-0.5115,Solar,15.38,Valencia/Val�ncia
20397,ESP,27.17,37.4955,-1.4802,Waste,9.46,Murcia
20398,ESP,52.09,28.3504,-14.1076,Hydro,112.63,Las Palmas
20399,ESP,30.6,38.6739,-0.8133,Wind,77.8,Alicante/Alacant
20400,ESP,49.9,38.9594,-6.4639999999999995,Solar,100.26,Badajoz
20401,ESP,49.9,38.8145,-6.8377,Solar,100.57,Badajoz
20402,ESP,49.6,42.7744,-4.1676,Wind,108.87,Cantabria
20403,ESP,634.0,39.2628,-0.9192,Hydro,593.55,Valencia/Val�ncia
20404,ESP,83.19,42.9036,-5.1437,Hydro,174.24,Leon
20405,ESP,50.0,38.8269,-6.824,Solar,103.6,Badajoz
20406,ESP,619.06,42.7924,-5.6339999999999995,Coal,2823.98,Leon
20407,ESP,24.0,42.7713,-0.3345,Hydro,53.23,Huesca
20408,ESP,22.0,38.732,-5.5439,Hydro,47.33,Badajoz
20409,ESP,41.8,36.0139,-5.6069,Wind,123.94,Ceuta
20410,ESP,41.40000000000001,42.5741,0.1824,Hydro,78.29,Huesca
20411,ESP,40.8,42.5741,0.1824,Hydro,77.16,Huesca
20412,ESP,21.25,40.6336,-4.4669,Wind,58.74,avila
20413,ESP,52.69,42.7238,-0.2817,Hydro,103.33,Huesca
20414,ESP,49.38,42.4075,-7.5316,Hydro,58.89,Ourense
20415,ESP,82.46000000000002,42.8206,-6.4875,Hydro,94.83,Asturias
20416,ESP,24.32,40.3236,-4.2032,Hydro,52.88,Toledo
20417,ESP,72.11,28.5004,-13.8627,Oil,150.24,Las Palmas
20418,ESP,51.25,28.5004,-13.8627,Oil,106.77,Las Palmas
20419,ESP,11.74,28.5004,-13.8627,Oil,24.46,Las Palmas
20420,ESP,38.0,41.6704,-3.6892,Wind,82.19,Burgos
20421,ESP,11.93,41.6167,0.6167,Hydro,23.73,Lleida
20422,ESP,36.63,40.8667,0.7167,Wind,76.07,Tarragona
20423,ESP,30.0,41.4833,1.2333,Wind,76.23,Tarragona
20424,ESP,1119.59,36.9783,-1.9054,Coal,5107.26,Almeria
20425,ESP,52.4,42.4951,1.2109999999999999,Hydro,78.02,Lleida
20426,ESP,570.05,36.1828,-5.42,Coal,2600.41,Ceuta
20427,ESP,26.4,38.15,-1.0167,Wind,77.47,Murcia
20428,ESP,67.3,28.6538,-17.7867,Oil,140.22,Santa Cruz de Tenerife
20429,ESP,38.0,36.4469,-5.2858,Wind,94.88,Cadiz
20430,ESP,181.02,42.4637,-7.7237,Hydro,236.02,Ourense
20431,ESP,26.3,38.827,-7.022,Solar,56.35,Badajoz
20432,ESP,7.2,37.28,-7.2589999999999995,Solar,15.63,Huelva
20433,ESP,4.8,38.958,-2.1048,Solar,10.47,Albacete
20434,ESP,20.0,39.4361,-5.9333,Solar,42.98,Caceres
20435,ESP,10.0,39.4359,-5.9438,Solar,19.06,Caceres
20436,ESP,877.95,39.2438,-0.9317,Hydro,991.4,Valencia/Val�ncia
20437,ESP,6.0,41.206,-4.837,Solar,10.54,Valladolid
20438,ESP,11.2,41.4369,-2.5,Solar,23.55,Soria
20439,ESP,9.8,37.718,-4.89,Solar,19.35,Cordoba
20440,ESP,5.7,37.6057,-4.7677,Solar,12.09,Cordoba
20441,ESP,6.6,38.924,-3.2569999999999997,Solar,13.32,Ciudad Real
20442,ESP,9.4,38.0016,-4.3197,Solar,19.52,Cordoba
20443,ESP,5.7,37.07,-6.0329999999999995,Solar,11.48,Sevilla
20444,ESP,10.0,37.141999999999996,-3.715,Solar,22.21,Granada
20445,ESP,18.0,37.129,-3.7119999999999997,Solar,46.83,Granada
20446,ESP,9.0,41.856,-0.061,Solar,16.08,Huesca
20447,ESP,4.0,42.496,-2.278,Solar,6.15,La Rioja
20448,ESP,7.1,36.964,-6.063,Solar,14.74,Cadiz
20449,ESP,4.8,38.2446,-5.9657,Solar,10.95,Badajoz
20450,ESP,12.7,37.7336,-1.0596,Solar,30.08,Murcia
20451,ESP,5.0,39.2946,-5.4885,Solar,10.02,Caceres
20452,ESP,6.6,39.7199,-4.6529,Solar,13.09,Toledo
20453,ESP,9.1,37.7976,-3.7977,Solar,18.85,Jaen
20454,ESP,7.4,39.687,-0.852,Solar,16.51,Valencia/Val�ncia
20455,ESP,15.2,37.015,-2.176,Solar,39.96,Almeria
20456,ESP,195.2,39.8964,4.2597,Oil,406.7,Illes Balears
20457,ESP,50.0,39.8964,4.2597,Gas,118.51,Illes Balears
20458,ESP,49.9,39.9687,-5.7417,Solar,100.61,Caceres
20459,ESP,415.509,36.7495,-4.5631,Gas,984.89,Malaga
20460,ESP,99.8,39.1838,-3.3119,Solar,206.75,Ciudad Real
20461,ESP,25.6,43.2347,-8.0171,Hydro,54.48,A Coruna
20462,ESP,66.97,42.3227,0.2438,Hydro,102.72,Huesca
20463,ESP,557.2,43.1685,-8.4111,Coal,2541.79,A Coruna
20464,ESP,46.90000000000001,35.29,-2.94,Oil,97.71,Melilla
20465,ESP,27.715999999999998,41.3217,-0.3508,Hydro,51.17,Teruel
20466,ESP,322.36,41.3687,0.2765,Hydro,424.39,Tarragona
20467,ESP,31.866,41.6704,-3.6892,Gas,75.53,Burgos
20468,ESP,46.0,41.6552,-4.7237,Gas,109.03,Valladolid
20469,ESP,92.42,42.5758,1.1423,Hydro,109.47,Lleida
20470,ESP,44.29,42.4768,-7.2746,Hydro,73.22,Ourense
20471,ESP,13.6,40.6325,-5.6229,Wind,41.86,Salamanca
20472,ESP,30.8,38.9503,-0.652,Wind,72.25,Valencia/Val�ncia
20473,ESP,219.14,42.5787,0.7587,Hydro,329.14,Lleida
20474,ESP,57.6,41.0333,0.25,Wind,131.08,Tarragona
20475,ESP,49.5,38.9667,-1.2167,Wind,105.27,Albacete
20476,ESP,8.8,39.492,-3.535,Solar,17.19,Ciudad Real
20477,ESP,10.9,38.913000000000004,-5.7048,Solar,23.28,Badajoz
20478,ESP,6.3,28.1408,-16.4622,Solar,14.55,Santa Cruz de Tenerife
20479,ESP,15.0,39.2101,-1.75,Solar,32.47,Albacete
20480,ESP,8.0,39.260999999999996,-4.087,Solar,15.74,Ciudad Real
20481,ESP,10.0,39.467,-6.51,Solar,18.86,Caceres
20482,ESP,50.0,39.181,-3.3139999999999996,Solar,107.05,Ciudad Real
20483,ESP,6.0,39.0041,-3.4111,Solar,12.23,Ciudad Real
20484,ESP,6.3,37.641999999999996,-1.348,Solar,13.18,Murcia
20485,ESP,5.2,37.626,-1.361,Solar,10.72,Murcia
20486,ESP,7.1,41.3432,-4.92,Solar,12.56,Valladolid
20487,ESP,4.0,42.4684,-2.2781,Solar,6.16,La Rioja
20488,ESP,7.0,36.7848,-4.2672,Solar,16.65,Malaga
20489,ESP,9.5,42.26,-1.775,Solar,15.61,Navarra
20490,ESP,4.8,40.062,-6.675,Solar,10.34,Caceres
20491,ESP,10.0,38.301,-1.7630000000000001,Solar,19.64,Murcia
20492,ESP,8.7,37.4542,-4.6968,Solar,17.94,Cordoba
20493,ESP,50.0,37.16,-5.55,Solar,118.31,Sevilla
20494,ESP,553.6400000000001,43.2924,-6.3937,Coal,2525.55,Asturias
20495,ESP,47.0,42.85,-2.6667,Gas,111.4,alava
20496,ESP,10.0,41.6333,0.9,Gas,23.7,Lleida
20497,ESP,16.647000000000002,42.068999999999996,1.3135,Waste,5.79,Lleida
20498,ESP,37.62,41.9397,1.1954,Hydro,66.37,Lleida
20499,ESP,18.0,38.7217,-7.1375,Solar,39.87,Badajoz
20500,ESP,7.6,40.319,-2.475,Solar,15.41,Cuenca
20501,ESP,60.0,39.619,-2.086,Solar,128.78,Cuenca
20502,ESP,10.0,39.6393,-2.0965,Solar,19.6,Cuenca
20503,ESP,6.0,39.6034,-2.0829,Solar,12.18,Cuenca
20504,ESP,26.4,42.736999999999995,-1.6331,Wind,54.48,Navarra
20505,ESP,49.3,42.1933,-4.2939,Wind,104.84,Palencia
20506,ESP,49.5,42.2142,-2.1649,Wind,105.27,La Rioja
20507,ESP,49.5,41.5801,-1.1172,Wind,105.27,Zaragoza
20508,ESP,19.8,42.0357,-6.9054,Wind,42.1,Ourense
20509,ESP,49.5,39.5,-2.1667,Wind,132.47,Cuenca
20510,ESP,33.75,42.0286,-2.231,Wind,71.77,Soria
20511,ESP,34.98,42.4,-8.4333,Wind,74.39,Pontevedra
20512,ESP,39.75,43.6604,-8.0572,Wind,85.97,A Coruna
20513,ESP,33.0,43.6907,-7.957999999999999,Wind,70.24,A Coruna
20514,ESP,39.6,42.8233,-9.0891,Wind,84.21,Pontevedra
20515,ESP,35.64,41.918,-1.2534,Wind,75.79,Zaragoza
20516,ESP,29.75,42.0357,-6.9054,Wind,63.26,Ourense
20517,ESP,12.85,37.5251,-7.4925,Wind,32.47,Huelva
20518,ESP,10.0,43.3333,-8.0167,Wind,20.96,A Coruna
20519,ESP,49.5,41.8341,-1.5327,Wind,105.27,Zaragoza
20520,ESP,49.5,39.6,-1.8,Wind,105.27,Cuenca
20521,ESP,49.3,39.9,-1.2667,Wind,104.84,Teruel
20522,ESP,49.6,38.9505,-2.5405,Wind,119.42,Albacete
20523,ESP,24.75,41.9461,-2.2822,Wind,52.26,Soria
20524,ESP,24.42,39.8667,-1.2167,Wind,51.93,Valencia/Val�ncia
20525,ESP,49.5,39.5,-2.1667,Wind,105.27,Cuenca
20526,ESP,68.85,38.9209,-1.7202,Wind,146.42,Albacete
20527,ESP,12.0,42.0357,-6.9054,Wind,25.37,Ourense
20528,ESP,32.0,41.0337,-2.1434,Wind,68.05,Guadalajara
20529,ESP,40.8,36.6865,-6.1361,Wind,104.63,Cadiz
20530,ESP,49.5,39.4085,-2.2017,Wind,105.27,Cuenca
20531,ESP,49.5,41.9161,-4.7803,Wind,108.65,Valladolid
20532,ESP,37.6,39.8667,-1.2167,Wind,79.96,Valencia/Val�ncia
20533,ESP,16.575,43.3228,-8.8105,Wind,35.25,A Coruna
20534,ESP,20.46,43.3,-7.6833,Wind,38.38,Lugo
20535,ESP,21.6,42.8233,-9.0891,Wind,46.73,Pontevedra
20536,ESP,24.75,41.992,-2.3283,Wind,67.06,Soria
20537,ESP,38.4,41.6698,-5.931,Wind,80.16,Zamora
20538,ESP,20.0,42.7485,-1.7226,Wind,42.53,Navarra
20539,ESP,15.0,41.5801,-1.1172,Wind,31.9,Zaragoza
20540,ESP,30.6,42.5794,-6.4684,Wind,73.26,Leon
20541,ESP,25.5,36.7702,-2.9543,Wind,74.42,Granada
20542,ESP,36.0,41.3424,-0.9599,Wind,79.37,Zaragoza
20543,ESP,30.0,40.1669,-4.4048,Wind,63.8,Toledo
20544,ESP,47.2,41.3424,-0.9599,Wind,107.48,Zaragoza
20545,ESP,41.65,39.234,-3.8525,Wind,96.19,Ciudad Real
20546,ESP,31.02,38.8346,-1.4603,Wind,60.58,Albacete
20547,ESP,29.75,41.5801,-1.1172,Wind,63.26,Zaragoza
20548,ESP,40.5,39.2167,-2.15,Wind,99.66,Albacete
20549,ESP,33.0,41.1748,-6.5194,Wind,71.27,Salamanca
20550,ESP,21.25,39.9856,-3.3689999999999998,Wind,48.28,Madrid
20551,ESP,49.5,41.6336,-1.2744,Wind,105.27,Zaragoza
20552,ESP,28.5,40.5327,-0.2625,Wind,69.31,Castellon/Castello
20553,ESP,10.0,36.4569,-5.9272,Wind,23.85,Cadiz
20554,ESP,28.0,38.4792,-1.325,Wind,65.0,Murcia
20555,ESP,23.54,41.6336,-1.2744,Wind,57.93,Zaragoza
20556,ESP,34.0,38.4792,-1.325,Wind,78.93,Murcia
20557,ESP,10.8,41.8325,-1.4598,Wind,22.96,Zaragoza
20558,ESP,24.75,41.9009,-2.1627,Wind,54.25,Soria
20559,ESP,29.8,41.0475,-2.2048,Wind,69.38,Guadalajara
20560,ESP,66.0,41.0475,-2.2048,Wind,140.36,Guadalajara
20561,ESP,12.0,41.0475,-2.2048,Wind,25.52,Guadalajara
20562,ESP,49.5,39.6,-1.8,Wind,105.27,Cuenca
20563,ESP,11.4,38.0833,-6.2667,Wind,31.7,Badajoz
20564,ESP,16.2,41.4663,-1.085,Wind,24.55,Zaragoza
20565,ESP,36.0,40.5327,-0.2625,Wind,87.55,Castellon/Castello
20566,ESP,49.5,41.5801,-1.1172,Wind,105.27,Zaragoza
20567,ESP,36.0,41.6544,-0.8494,Wind,76.56,Zaragoza
20568,ESP,66.47,42.4171,-7.7498,Wind,141.36,Ourense
20569,ESP,36.0,42.0425,-0.5814,Wind,76.56,Huesca
20570,ESP,36.0,43.3126,-7.9146,Wind,76.56,Lugo
20571,ESP,29.23,42.4,-8.4333,Wind,62.16,Pontevedra
20572,ESP,40.8,40.7081,-0.9149,Wind,104.66,Teruel
20573,ESP,38.94,43.2731,-6.6215,Wind,82.81,Asturias
20574,ESP,16.9,43.2004,-8.8728,Wind,38.62,A Coruna
20575,ESP,36.0,37.3461,-2.4333,Wind,91.01,Almeria
20576,ESP,41.25,42.0228,-6.3303,Wind,87.72,Zamora
20577,ESP,21.25,40.594,-4.4115,Wind,65.06,avila
20578,ESP,49.5,42.3897,-1.7932,Wind,105.27,Navarra
20579,ESP,57.52,38.8795,-1.3123,Wind,103.87,Albacete
20580,ESP,49.5,38.9722,-1.4518,Wind,105.27,Albacete
20581,ESP,36.96,38.9667,-1.2167,Wind,72.15,Albacete
20582,ESP,14.85,36.0139,-5.6069,Wind,37.48,Ceuta
20583,ESP,12.75,43.3667,-7.4833,Wind,36.73,Lugo
20584,ESP,27.0,43.3667,-7.4833,Wind,74.28,Lugo
20585,ESP,40.3,43.2674,-8.7833,Wind,93.73,A Coruna
20586,ESP,19.8,42.7248,-9.0053,Wind,42.1,Pontevedra
20587,ESP,49.5,38.9579,-1.5568,Wind,146.03,Albacete
20588,ESP,14.85,36.0139,-5.6069,Wind,37.48,Ceuta
20589,ESP,31.35,42.0482,-0.9103,Wind,69.43,Zaragoza
20590,ESP,20.8,42.6333,-7.95,Wind,38.6,Ourense
20591,ESP,48.1,42.2167,-8.3667,Wind,102.29,Pontevedra
20592,ESP,14.52,40.7067,-4.5002,Wind,28.21,avila
20593,ESP,24.0,36.6865,-6.1361,Wind,53.09,Cadiz
20594,ESP,11.9,41.486000000000004,-1.595,Wind,30.05,Zaragoza
20595,ESP,28.5,37.8107,-5.0204,Wind,60.61,Cordoba
20596,ESP,14.0,42.0357,-6.9054,Wind,34.07,Ourense
20597,ESP,34.85,43.3081,-6.2688,Wind,97.79,Asturias
20598,ESP,38.0,42.9684,-7.0854,Wind,46.52,Lugo
20599,ESP,30.0,39.2333,-1.75,Wind,63.8,Albacete
20600,ESP,50.0,40.7767,-1.6498,Wind,106.33,Teruel
20601,ESP,19.8,40.8131,-1.5964,Wind,51.87,Teruel
20602,ESP,24.42,43.3828,-4.0024,Wind,51.93,Cantabria
20603,ESP,28.0,40.8126,-2.4938,Wind,65.19,Guadalajara
20604,ESP,49.94,41.1722,-2.4348,Wind,110.45,Guadalajara
20605,ESP,24.42,42.4168,-7.763999999999999,Wind,30.47,Ourense
20606,ESP,42.0,42.5273,-3.4383,Wind,95.92,Burgos
20607,ESP,49.5,39.4085,-2.2017,Wind,105.27,Cuenca
20608,ESP,11.05,41.8804,-4.3624,Wind,23.5,Palencia
20609,ESP,40.0,41.2513,-2.5268,Wind,85.22,Soria
20610,ESP,48.0,42.6088,-7.7712,Wind,77.53,Ourense
20611,ESP,20.0,38.24,-1.4199,Wind,42.53,Murcia
20612,ESP,36.0,42.903999999999996,-8.7427,Wind,80.77,A Coruna
20613,ESP,16.5,43.2384,-8.3843,Wind,33.5,A Coruna
20614,ESP,14.4,43.5333,-7.9333,Wind,30.62,A Coruna
20615,ESP,11.4,43.5333,-7.9333,Wind,24.24,A Coruna
20616,ESP,29.9,40.8125,0.5216,Wind,69.62,Tarragona
20617,ESP,16.9,37.1766,-2.9502,Wind,35.51,Granada
20618,ESP,99.0,37.1766,-2.9502,Wind,226.57,Granada
20619,ESP,23.1,42.6525,-1.626,Wind,49.12,Navarra
20620,ESP,13.6,36.7507,-3.5179,Wind,41.87,Granada
20621,ESP,18.0,40.4532,-4.4647,Wind,47.58,avila
20622,ESP,14.45,41.0983,-2.5741,Wind,30.73,Guadalajara
20623,ESP,64.0,41.0983,-2.5741,Wind,155.99,Guadalajara
20624,ESP,40.0,38.8299,-3.5781,Wind,112.29,Ciudad Real
20625,ESP,14.0,39.45,-2.0833,Wind,33.47,Cuenca
20626,ESP,24.6,36.1848,-5.4921,Wind,55.7,Ceuta
20627,ESP,14.45,37.4712,-5.6461,Wind,37.23,Sevilla
20628,ESP,32.3,43.1,-2.6333,Wind,68.69,Vizcaya
20629,ESP,24.0,41.8675,-0.4609,Wind,60.35,Huesca
20630,ESP,20.0,43.3667,-7.4833,Wind,51.38,Lugo
20631,ESP,49.5,-2.9997,37.2174,Wind,125.94,Illes Balears
20632,ESP,64.5,-0.2108,40.4682,Wind,160.85,Illes Balears
20633,ESP,46.0,41.3424,-0.9599,Wind,104.75,Zaragoza
20634,ESP,14.0,36.0139,-5.6069,Wind,37.67,Ceuta
20635,ESP,28.8,37.3449,-2.5091,Wind,79.97,Almeria
20636,ESP,63.5,37.3449,-2.5091,Wind,151.79,Almeria
20637,ESP,18.0,43.3598,-4.3493,Wind,41.27,Cantabria
20638,ESP,28.5,39.2167,-2.15,Wind,66.34,Albacete
20639,ESP,49.5,38.6492,-1.98,Wind,134.68,Albacete
20640,ESP,44.8,36.0139,-5.6069,Wind,110.34,Ceuta
20641,ESP,11.9,38.9209,-1.7202,Wind,25.04,Albacete
20642,ESP,49.5,39.4085,-2.2017,Wind,105.27,Cuenca
20643,ESP,69.0,42.0439,-3.937,Wind,135.93,Burgos
20644,ESP,38.25,40.8127,-0.8454,Wind,89.03,Teruel
20645,ESP,16.0,36.0139,-5.6069,Wind,43.05,Ceuta
20646,ESP,32.0,42.18899999999999,-2.2951,Wind,68.05,La Rioja
20647,ESP,49.5,41.8804,-4.3624,Wind,125.38,Palencia
20648,ESP,21.12,43.4668,-7.7238,Wind,58.25,Lugo
20649,ESP,30.0,38.9497,-2.3542,Wind,65.77,Albacete
20650,ESP,24.0,41.5558,-0.9601,Wind,45.07,Zaragoza
20651,ESP,33.4,36.4469,-5.2858,Wind,71.03,Cadiz
20652,ESP,50.0,42.0357,-6.9054,Wind,106.87,Ourense
20653,ESP,49.5,38.6722,-2.4099,Wind,143.5,Albacete
20654,ESP,49.5,39.1667,-3.8542,Wind,128.77,Ciudad Real
20655,ESP,50.0,39.2741,-4.0554,Wind,107.13,Ciudad Real
20656,ESP,25.5,40.6377,-0.3404,Wind,64.09,Castellon/Castello
20657,ESP,36.8,42.6661,-7.8861,Wind,54.56,Ourense
20658,ESP,36.8,42.7422,-7.9383,Wind,78.26,Ourense
20659,ESP,31.45,42.6609,-8.1129,Wind,66.88,Pontevedra
20660,ESP,15.75,42.25,-7.3833,Wind,33.49,Ourense
20661,ESP,40.5,39.0422,-2.4807,Wind,100.09,Albacete
20662,ESP,46.0,42.2051,-2.3827,Wind,111.06,La Rioja
20663,ESP,84.80000000000003,43.1615,-5.6234,Wind,180.34,Asturias
20664,ESP,24.75,41.9503,-2.2998,Wind,52.63,Soria
20665,ESP,18.0,42.6487,-3.5904,Wind,41.27,Burgos
20666,ESP,19.2,42.8233,-9.0891,Wind,40.83,Pontevedra
20667,ESP,21.78,42.6088,-7.7712,Wind,46.31,Ourense
20668,ESP,44.6,42.7762,-9.0603,Wind,94.85,Pontevedra
20669,ESP,14.85,36.0139,-5.6069,Wind,37.48,Ceuta
20670,ESP,20.7,42.25,-7.3833,Wind,44.02,Ourense
20671,ESP,22.95,42.25,-7.3833,Wind,33.23,Ourense
20672,ESP,33.8,43.1653,-9.1125,Wind,71.88,A Coruna
20673,ESP,14.4,42.4667,-8.4667,Wind,42.04,Pontevedra
20674,ESP,30.0,39.8667,-1.6333,Wind,69.85,Cuenca
20675,ESP,24.42,43.3377,-6.4145,Wind,48.27,Asturias
20676,ESP,24.0,41.5558,-0.9601,Wind,45.07,Zaragoza
20677,ESP,24.0,41.5388,-0.9962,Wind,45.07,Zaragoza
20678,ESP,24.0,41.5801,-1.1172,Wind,45.07,Zaragoza
20679,ESP,40.3,43.0084,-9.1133,Wind,93.73,A Coruna
20680,ESP,29.75,42.1865,-2.18,Wind,63.26,La Rioja
20681,ESP,36.55,41.351000000000006,-2.4737,Wind,77.73,Soria
20682,ESP,80.42,41.3006,-2.475,Wind,172.36,Soria
20683,ESP,12.8,36.1949,-5.7634,Wind,28.25,Cadiz
20684,ESP,89.6,41.8157,-1.4882,Wind,209.43,Zaragoza
20685,ESP,40.0,41.8325,-1.4598,Wind,85.48,Zaragoza
20686,ESP,49.3,43.2134,-7.2937,Wind,104.84,Lugo
20687,ESP,27.2,42.25,-7.3833,Wind,57.84,Ourense
20688,ESP,20.0,42.7815,-7.4143,Wind,30.93,Lugo
20689,ESP,24.7,39.1452,-1.3288,Wind,52.52,Albacete
20690,ESP,30.0,38.748000000000005,-1.1985,Wind,79.72,Albacete
20691,ESP,46.86,38.7564,-1.0117,Wind,99.65,Alicante/Alacant
20692,ESP,28.8,41.5406,-1.7166,Wind,63.78,Zaragoza
20693,ESP,30.6,43.4118,-6.2602,Wind,71.03,Asturias
20694,ESP,33.0,42.45,-1.1167,Wind,70.18,Navarra
20695,ESP,44.0,43.3377,-6.4145,Wind,101.61,Asturias
20696,ESP,17.82,43.2155,-6.8757,Wind,37.89,Lugo
20697,ESP,18.48,41.7389,-2.1697,Wind,36.93,Soria
20698,ESP,15.18,37.5302,-3.6562,Wind,32.28,Granada
20699,ESP,36.9,40.7342,-1.6172,Wind,78.47,Teruel
20700,ESP,26.25,38.9147,-3.5369,Wind,55.82,Ciudad Real
20701,ESP,48.75,42.4969,-1.2151,Wind,107.11,Navarra
20702,ESP,30.0,41.9778,-0.5373,Wind,69.85,Huesca
20703,ESP,93.7,41.9778,-0.5373,Wind,199.27,Huesca
20704,ESP,50.0,39.0688,-1.7434,Wind,106.33,Albacete
20705,ESP,99.0,40.6197,-0.0989,Wind,247.55,Castellon/Castello
20706,ESP,32.3,40.7947,-0.8101,Wind,72.51,Teruel
20707,ESP,30.0,42.0753,-4.5005,Wind,72.42,Palencia
20708,ESP,34.0,41.8347,-5.8888,Wind,72.3,Zamora
20709,ESP,29.27,41.6377,1.4353,Wind,69.26,Lleida
20710,ESP,49.8,40.5934,-1.9095,Wind,105.91,Cuenca
20711,ESP,49.5,37.1766,-2.9502,Wind,127.51,Granada
20712,ESP,31.45,42.0357,-6.9054,Wind,74.73,Ourense
20713,ESP,1167.0,37.1843,-6.8857,Gas,2766.17,Huelva
20714,ESP,12.8,36.9402,-3.361,Hydro,24.11,Granada
20715,ESP,79.918,43.2596,-1.9688,Gas,189.43,Guipuzcoa
20716,ESP,18.801,43.3,-7.5833,Oil,39.17,Lugo
20717,ESP,36.0,42.6654,-3.5014,Wind,76.56,Burgos
20718,ESP,96.76,42.6654,-3.5014,Wind,205.78,Burgos
20719,ESP,19.5,43.3,-7.6833,Wind,41.47,Lugo
20720,ESP,33.84,42.592,-1.3604,Wind,71.96,Navarra
20721,ESP,19.5,38.4,-6.4667,Wind,33.49,Badajoz
20722,ESP,14.4,38.4,-6.4667,Wind,30.62,Badajoz
20723,ESP,49.5,40.0167,-0.65,Wind,105.27,Castellon/Castello
20724,ESP,94.0,39.9894,-0.6804,Wind,202.62,Castellon/Castello
20725,ESP,24.42,40.4288,-0.2577,Wind,51.93,Castellon/Castello
20726,ESP,49.5,41.3032,-0.7505,Wind,125.96,Zaragoza
20727,ESP,34.5,41.8341,-1.5327,Wind,80.68,Zaragoza
20728,ESP,37.51000000000001,41.8341,-1.5327,Wind,79.77,Zaragoza
20729,ESP,18.0,39.4085,-2.2017,Wind,38.28,Cuenca
20730,ESP,36.0,36.878,-4.8469,Wind,85.63,Malaga
20731,ESP,31.5,39.8833,-0.95,Wind,78.66,Valencia/Val�ncia
20732,ESP,28.0,39.9667,-0.25,Wind,58.13,Castellon/Castello
20733,ESP,18.3,43.2433,-8.9008,Wind,32.61,A Coruna
20734,ESP,28.0,36.6865,-6.1361,Wind,68.08,Cadiz
20735,ESP,13.6,37.3167,-4.05,Wind,36.27,Granada
20736,ESP,28.0,38.1144,-2.5711,Wind,69.9,Jaen
20737,ESP,18.0,42.696000000000005,-8.2465,Wind,27.04,Pontevedra
20738,ESP,14.52,40.7167,-4.45,Wind,28.21,avila
20739,ESP,24.0,38.6328,-0.8197,Wind,51.04,Alicante/Alacant
20740,ESP,32.0,37.1882,-3.6067,Wind,68.05,Granada
20741,ESP,24.0,37.1882,-3.6067,Wind,51.04,Granada
20742,ESP,24.42,41.6336,-1.2744,Wind,51.93,Zaragoza
20743,ESP,24.6,42.8233,-9.0891,Wind,49.62,Pontevedra
20744,ESP,15.0,42.0325,-1.5259,Wind,31.9,Zaragoza
20745,ESP,15.0,41.9006,-1.4199,Wind,31.9,Zaragoza
20746,ESP,21.0,36.0139,-5.6069,Wind,63.63,Ceuta
20747,ESP,40.0,36.539,-5.3868,Wind,88.83,Cadiz
20748,ESP,17.0,36.7507,-3.5179,Wind,52.34,Granada
20749,ESP,47.6,41.0983,-2.5741,Wind,101.23,Guadalajara
20750,ESP,25.5,38.8299,-3.5781,Wind,54.23,Ciudad Real
20751,ESP,16.25,38.9667,-1.2167,Wind,34.55,Albacete
20752,ESP,19.8,41.7494,-2.1887,Wind,37.82,Soria
20753,ESP,50.0,39.45,-2.0833,Wind,106.33,Cuenca
20754,ESP,19.8,41.7175,-1.8109,Wind,35.28,Zaragoza
20755,ESP,18.0,41.7631,-1.8882,Wind,31.89,Soria
20756,ESP,13.2,36.8773,-2.6018,Wind,23.57,Almeria
20757,ESP,28.0,38.25,-6.3,Wind,59.54,Badajoz
20758,ESP,28.38,37.2829,-5.9209,Wind,60.35,Sevilla
20759,ESP,22.44,42.653,-1.3067,Wind,53.91,Navarra
20760,ESP,49.3,43.5167,-6.6833,Wind,104.84,Asturias
20761,ESP,27.2,43.2155,-6.8757,Wind,66.07,Lugo
20762,ESP,22.95,39.6,-1.8,Wind,48.8,Cuenca
20763,ESP,17.25,39.4085,-2.2017,Wind,36.68,Cuenca
20764,ESP,51.48,41.5919,-1.1577,Wind,109.48,Zaragoza
20765,ESP,38.0,37.5076,-7.2704,Wind,85.9,Huelva
20766,ESP,44.2,38.6328,-0.8197,Wind,108.72,Alicante/Alacant
20767,ESP,25.74,38.6137,-1.1147,Wind,54.74,Murcia
20768,ESP,24.42,42.0635,-7.7246,Wind,51.93,Ourense
20769,ESP,41.65,42.0635,-7.7246,Wind,54.22,Ourense
20770,ESP,17.4,37.6143,-7.2488,Wind,39.89,Huelva
20771,ESP,12.0,39.5,-2.1667,Wind,30.28,Cuenca
20772,ESP,50.0,41.0991,-2.3044,Wind,126.59,Guadalajara
20773,ESP,33.0,39.4685,-2.2467,Wind,70.18,Cuenca
20774,ESP,70.5,39.486,-2.2028,Wind,149.93,Cuenca
20775,ESP,15.84,38.4792,-1.325,Wind,33.68,Murcia
20776,ESP,10.68,36.0139,-5.6069,Wind,16.27,Ceuta
20777,ESP,18.0,36.0139,-5.6069,Wind,48.44,Ceuta
20778,ESP,24.0,38.9667,-1.0833,Wind,53.68,Valencia/Val�ncia
20779,ESP,30.39,42.773,-8.8444,Wind,64.63,Pontevedra
20780,ESP,59.5,42.0617,-1.6045,Wind,126.53,Zaragoza
20781,ESP,21.78,38.1893,-1.8918,Wind,46.31,Murcia
20782,ESP,24.42,43.4668,-7.7238,Wind,48.99,Lugo
20783,ESP,22.0,37.1061,-2.6485,Wind,58.51,Almeria
20784,ESP,14.52,40.705999999999996,-4.5163,Wind,28.21,avila
20785,ESP,30.0,37.3222,-6.0586,Wind,78.36,Sevilla
20786,ESP,49.5,39.7493,-0.9968,Wind,105.27,Valencia/Val�ncia
20787,ESP,64.5,39.7493,-0.9968,Wind,122.68,Valencia/Val�ncia
20788,ESP,12.0,37.5251,-7.4925,Wind,30.32,Huelva
20789,ESP,24.93,41.8395,-1.1777,Wind,53.01,Zaragoza
20790,ESP,16.5,36.1949,-5.7634,Wind,35.09,Cadiz
20791,ESP,32.0,37.6915,-3.8187,Wind,68.05,Jaen
20792,ESP,19.14,42.592,-1.3604,Wind,35.16,Navarra
20793,ESP,50.0,42.1795,-7.1122,Wind,106.33,Ourense
20794,ESP,17.85,42.1733,-6.6596,Wind,37.96,Zamora
20795,ESP,15.84,42.6833,-7.2333,Wind,33.68,Lugo
20796,ESP,49.5,41.6336,-1.2744,Wind,105.27,Zaragoza
20797,ESP,49.5,40.7081,-0.9149,Wind,105.27,Teruel
20798,ESP,14.85,41.778999999999996,-1.9839,Wind,31.58,Soria
20799,ESP,26.0,38.2709,-1.3768,Wind,55.29,Murcia
20800,ESP,26.97,43.0167,-2.7667,Wind,57.35,Vizcaya
20801,ESP,26.4,38.6137,-1.1147,Wind,56.14,Murcia
20802,ESP,39.95,40.7342,-1.6172,Wind,84.96,Teruel
20803,ESP,29.7,38.6328,-0.8197,Wind,63.16,Alicante/Alacant
20804,ESP,30.0,36.0139,-5.6069,Wind,63.8,Ceuta
20805,ESP,28.0,37.5076,-7.2704,Wind,66.24,Huelva
20806,ESP,44.88,41.8347,-5.8888,Wind,95.44,Zamora
20807,ESP,14.52,40.7796,-4.4136,Wind,26.07,Segovia
20808,ESP,20.8,43.1504,-4.3817,Hydro,31.02,Cantabria
20809,ESP,36.55,39.7167,-1.4333,Wind,77.73,Cuenca
20810,ESP,97.98,41.761,-4.9874,Wind,194.22,Valladolid
20811,ESP,16.434,37.1353,-4.73,Waste,5.72,Malaga
20812,ESP,14.685,42.8261,-4.8463,Waste,5.11,Palencia
20813,ESP,24.0,42.9167,-8.7667,Wind,49.34,A Coruna
20814,ESP,18.0,37.5624,-5.1254,Gas,42.66,Cordoba
20815,ESP,100.0,37.5729,-5.1449,Solar,201.41,Cordoba
20816,ESP,19.903,37.4166,-6.2736,Solar,39.49,Sevilla
20817,ESP,150.0,37.4179,-6.2771,Solar,296.27,Sevilla
20818,ESP,11.02,37.4422,-6.2542,Solar,25.25,Sevilla
20819,ESP,50.0,38.755,-7.145,Solar,100.61,Badajoz
20820,ESP,46.14,42.8384,0.7390000000000001,Hydro,69.37,Lleida
20821,ESP,25.770000000000003,42.3746,-7.2351,Hydro,55.38,Ourense
20822,ESP,17.6,42.3094,-8.2049,Hydro,32.32,Pontevedra
20823,ESP,88.12,42.3167,-7.0274,Hydro,178.5,Ourense
20824,ESP,49.54,43.2518,-6.0163,Hydro,60.77,Asturias
20825,ESP,45.0,37.4712,-5.6461,Waste,15.67,Sevilla
20826,ESP,15.0,38.207,-3.5102,Waste,5.22,Jaen
20827,ESP,49.9,37.0066,-6.0434,Solar,102.1,Sevilla
20828,ESP,49.9,37.6485,-5.26,Solar,101.51,Sevilla
20829,ESP,100.0,37.9582,-4.4981,Solar,208.61,Cordoba
20830,ESP,312.41,42.3921,-7.2191,Hydro,596.24,Ourense
20831,ESP,299.76,38.1108,-4.9354,Coal,1367.42,Cordoba
20832,ESP,866.3,41.3366,2.1594,Gas,2053.41,Barcelona
20833,ESP,30.0,38.2793,-1.601,Solar,61.07,Murcia
20834,ESP,55.2,39.037,-5.2342,Hydro,55.4,Badajoz
20835,ESP,184.95,28.963,-13.5477,Oil,385.34,Las Palmas
20836,ESP,15.0,42.4496,-6.9476,Waste,5.22,Lugo
20837,ESP,100.0,37.648,-5.254,Solar,236.23,Sevilla
20838,ESP,50.0,37.648,-5.254,Solar,118.43,Sevilla
20839,ESP,9.9,41.467,-5.821000000000001,Solar,17.18,Zamora
20840,ESP,50.0,39.03,-4.02,Solar,105.29,Ciudad Real
20841,ESP,50.0,39.03,-4.02,Solar,105.29,Ciudad Real
20842,ESP,4.9,41.0536,-5.4377,Solar,8.93,Salamanca
20843,ESP,4.0,41.711999999999996,-1.249,Solar,6.78,Zaragoza
20844,ESP,4.5,41.3286,-4.8212,Solar,7.44,Valladolid
20845,ESP,4.0,38.7167,-1.8857,Solar,7.47,Albacete
20846,ESP,5.1,38.7218,-1.881,Solar,10.22,Albacete
20847,ESP,11.8,39.632,-3.09,Solar,24.03,Cuenca
20848,ESP,47.6,38.62,-3.9739999999999998,Solar,106.78,Ciudad Real
20849,ESP,36.46,42.4496,-6.9476,Hydro,63.95,Lugo
20850,ESP,9.5,37.961999999999996,-4.481,Solar,19.67,Cordoba
20851,ESP,49.5,42.3826,-7.5684,Wind,105.27,Ourense
20852,ESP,28.64,42.3826,-7.5684,Hydro,54.69,Ourense
20853,ESP,80.5,38.6478,-4.1214,Gas,190.81,Ciudad Real
20854,ESP,261.28,41.2422,0.4309,Hydro,344.24,Tarragona
20855,ESP,34.56,41.9781,-6.1404,Hydro,49.2,Zamora
20856,ESP,326.57000000000005,41.5278,-5.9877,Hydro,285.51,Zamora
20857,ESP,8.0,41.239,0.5336,Solar,15.81,Tarragona
20858,ESP,12.0,39.4751,-1.1546,Solar,26.15,Valencia/Val�ncia
20859,ESP,5.0,36.695,-6.284,Solar,11.28,Cadiz
20860,ESP,52.82,41.9443,-8.0349,Hydro,69.51,Ourense
20861,ESP,157.24,43.2364,-6.8475,Hydro,170.7,Lugo
20862,ESP,10.0,42.5741,0.1824,Gas,23.7,Huesca
20863,ESP,62.88,42.1795,-7.1122,Hydro,61.62,Ourense
20864,ESP,88.125,41.6494,-5.0253,Wind,171.54,Valladolid
20865,ESP,34.36,42.4171,-7.7498,Hydro,69.19,Ourense
20866,ESP,791.6800000000002,36.1955,-5.4131,Gas,1876.54,Ceuta
20867,ESP,34.68,42.5103,-5.872999999999999,Hydro,46.08,Leon
20868,ESP,53.15,43.4949,-7.2421,Hydro,99.47,Lugo
20869,ESP,396.4,43.34,-3.0539,Gas,939.59,Vizcaya
20870,ESP,55.56,41.946999999999996,2.3844,Hydro,81.97,Girona
20871,ESP,516.39,41.045,-6.8067,Hydro,1008.82,Salamanca
20872,ESP,19.25,41.4833,0.4667,Hydro,38.18,Tarragona
20873,ESP,44.24,41.4744,0.4534,Hydro,78.95,Tarragona
20874,ESP,75.0,41.6485,1.5914,Wind,194.42,Barcelona
20875,ESP,40.5,42.1555,2.2828,Wind,102.13,Girona
20876,ESP,49.5,42.3833,2.2667,Wind,119.51,Girona
20877,ESP,24.42,41.5406,-1.7166,Wind,51.93,Zaragoza
20878,ESP,81.53999999999998,40.7149,-4.0053,Hydro,165.17,Madrid
20879,ESP,93.0,42.5273,-8.0086,Gas,220.44,Ourense
20880,ESP,44.25,42.4139,-6.9191,Hydro,71.97,Lugo
20881,ESP,27.78,42.7778,-3.0458,Hydro,61.02,alava
20882,ESP,200.0,39.226,-5.3905,Solar,397.0,Caceres
20883,ESP,49.9,37.6522,-5.2722,Solar,102.13,Sevilla
20884,ESP,563.75,39.65,2.6807,Oil,1174.57,Illes Balears
20885,ESP,346.25,43.3122,-5.8739,Coal,1579.49,Asturias
20886,ESP,213.64,42.1677,-7.1744,Hydro,320.88,Ourense
20887,ESP,30.0,38.89,-6.285,Solar,63.31,Badajoz
20888,ESP,88.55000000000003,41.9791,2.5274,Hydro,131.39,Girona
20889,ESP,11.3,39.918,-2.822,Solar,23.16,Cuenca
20890,ESP,13.8,41.0277,-5.85,Solar,28.09,Salamanca
20891,ESP,5.2,39.431,-2.416,Solar,10.21,Cuenca
20892,ESP,438.45,42.4143,-7.6533,Hydro,834.69,Ourense
20893,ESP,49.9,36.661,-5.851,Solar,128.96,Cadiz
20894,ESP,20.0,37.444,-6.257999999999999,Solar,45.73,Sevilla
20895,ESP,7.0,37.452,-6.251,Solar,14.02,Sevilla
20896,ESP,4.0,41.801,-0.083,Solar,6.78,Huesca
20897,ESP,11.0,41.4918,1.9016,Solar,23.11,Barcelona
20898,ESP,10.0,37.644,-4.59,Solar,20.26,Cordoba
20899,ESP,50.0,37.958,-4.503,Solar,119.04,Cordoba
20900,ESP,19.7,28.0684,-16.525,Solar,54.98,Santa Cruz de Tenerife
20901,ESP,13.0,28.0684,-16.525,Solar,35.14,Santa Cruz de Tenerife
20902,ESP,11.0,28.0724,-16.5252,Solar,29.26,Santa Cruz de Tenerife
20903,ESP,376.88,36.9083,-4.7631,Hydro,220.57,Malaga
20904,ESP,73.04,42.8368,-8.8498,Hydro,108.37,A Coruna
20905,ESP,124.17,43.2207,-5.4278,Hydro,114.8,Asturias
20906,ESP,802.84,41.1081,1.1912,Gas,1902.99,Tarragona
20907,ESP,150.88,42.637,1.2512,Hydro,267.0,Lleida
20908,ESP,11.92,41.7167,0.7667,Hydro,20.92,Lleida
20909,ESP,50.0,39.1933,-5.5779,Solar,99.79,Badajoz
20910,ESP,99.8,39.1933,-5.5779,Solar,218.35,Badajoz
20911,ESP,24.29,41.5334,0.8095,Solar,50.27,Tarragona
20912,ESP,32.32,42.0748,0.9162,Hydro,59.62,Lleida
20913,ESP,1055.77,40.9966,-0.3798,Coal,4816.13,Teruel
20914,ESP,10.0,37.2583,-6.9508,Gas,23.7,Huelva
20915,ESP,13.12,42.2312,-7.8303,Hydro,24.65,Ourense
20916,ESP,22.0,41.6561,-0.8773,Gas,52.14,Zaragoza
20917,ESP,130.36,39.5357,-5.9891,Hydro,224.92,Caceres
20918,ESP,39.58,40.8125,0.5216,Gas,93.81,Tarragona
20919,ESP,15.0,41.5667,0.5167,Waste,5.22,Lleida
20920,ESP,14.6,39.6598,-2.76,Waste,5.08,Cuenca
20921,ESP,1003.41,40.7016,-2.6227,Nuclear,8016.31,Guadalajara
20922,ESP,23.92,42.1519,0.2225,Gas,56.69,Huesca
20923,ESP,10.0,40.0208,-5.579,Solar,18.85,Caceres
20924,ESP,10.0,41.5062,-5.0275,Solar,17.16,Valladolid
20925,ESP,7.0,37.766,-1.723,Solar,15.18,Murcia
20926,ESP,4.0,37.769,-1.6980000000000002,Solar,8.0,Murcia
20927,ESP,6.4,37.756,-1.702,Solar,13.87,Murcia
20928,ESP,6.8,37.756,-1.702,Solar,14.74,Murcia
20929,ESP,6.3,37.092,-5.875,Solar,12.07,Sevilla
20930,ESP,7.0,39.46,-5.95,Solar,13.93,Caceres
20931,ESP,247.17,39.7778,-5.6124,Hydro,203.18,Caceres
20932,ESP,65.1,41.9974,-6.2738,Hydro,37.59,Zamora
20933,ESP,1045.31,40.9511,0.8662,Nuclear,8351.05,Tarragona
20934,ESP,86.48,42.3589,-7.851,Hydro,149.86,Ourense
20935,ESP,12.444,41.3888,2.1590000000000003,Waste,4.33,Barcelona
20936,ESP,12.9,42.702,0.7956,Oil,26.87,Lleida
20937,ESP,21.86,42.702,0.7956,Hydro,38.44,Lleida
20938,ESP,215.81,39.2077,-1.2401,Hydro,150.26,Valencia/Val�ncia
20939,ESP,10.9,41.2702,-6.3208,Hydro,20.97,Salamanca
20940,ESP,850.8799999999999,41.2669,-6.3078,Hydro,1308.16,Salamanca
20941,ESP,10.0,39.2919,-5.2111,Solar,19.08,Caceres
20942,ESP,5.1,39.2768,-5.22,Solar,10.22,Caceres
20943,ESP,11.0,36.955,-2.435,Solar,27.91,Almeria
20944,ESP,12.4,42.1388,-1.6824,Solar,23.06,Navarra
20945,ESP,5.9,42.1388,-1.6824,Solar,10.34,Navarra
20946,ESP,5.5,41.0583,-5.782,Solar,10.47,Salamanca
20947,ESP,10.0,36.2447,-6.007999999999999,Solar,19.79,Cadiz
20948,ESP,5.5,42.0471,-5.699,Solar,9.62,Zamora
20949,ESP,7.8,42.268,-1.685,Solar,12.87,Navarra
20950,ESP,4.1,42.271,-1.692,Solar,6.25,Navarra
20951,ESP,5.0,42.2475,-3.9730000000000003,Solar,8.63,Burgos
20952,ESP,10.9,38.964,-5.771,Solar,22.92,Badajoz
20953,ESP,5.2,39.4393,-1.9246,Solar,10.48,Albacete
20954,ESP,9.8,39.8331,-2.5712,Solar,18.9,Cuenca
20955,ESP,5.0,39.6914,-3.9545,Solar,10.1,Toledo
20956,ESP,8.7,41.306999999999995,-0.605,Solar,15.43,Teruel
20957,ESP,49.2,38.6137,-1.1147,Wind,104.63,Murcia
20958,ESP,7.6,38.5924,-1.0558,Solar,15.05,Alicante/Alacant
20959,ESP,9.0,41.6428,-4.8151,Solar,15.62,Valladolid
20960,ESP,7.6,39.871,-6.832000000000001,Solar,14.92,Caceres
20961,ESP,9.0,41.934,-0.805,Solar,16.03,Zaragoza
20962,ESP,9.9,41.943999999999996,-0.818,Solar,17.37,Zaragoza
20963,ESP,7.0,38.942,-5.875,Solar,13.8,Badajoz
